durofel_inf_65,durofel_65_70,durofel_sup_75,durofel_70_75,color_rojo,color_rojo_caoba,color_caoba,color_negro,color_caoba_oscuro,brix_rojo,brix_caoba_oscuro,brix_caoba,brix_negro,Temperatura_Ambiente,Temperatura_Pulpa,Variety
0,15,50,35,3,38,59,0,0,0,0,23.6,0,25,15,13
0,6,59,35,0,12,68,2,18,0,25.8,23.5,0,28.2,24.6,13
3,6,70,21,0,9,82,0,9,0,24.6,19.5,0,27.8,21.8,13
0,14.3,71.4,14.3,3,25,72,0,0,0,0,21.8,0,26.5,18,9
0,4,64,32,0,0,12.4,9.2,78.4,0,22.5,19.5,0,24.7,19,9
7.1,10.7,71.5,10.7,12,56,32,0,0,0,0,21.1,0,24,20.6,5
0,0,89,11,0,26.3,68.2,0,5.5,0,0,22.2,0,25.2,16.4,5
3,6,75,16,16,31,47,0,6,0,0,23.4,0,28.1,19.8,5
0,3,89,16,0,26,74,0,0,0,0,21.7,0,27.5,23.5,5
3.6,7.1,64.3,25,0,27.2,68.6,0,4.2,0,0,21.7,0,30,29.5,1
7.1,7.1,75.1,10.7,9,38,53,0,0,0,0,19.5,0,26.5,19,14
4,7,79,11,0,10.4,84,0,5.6,0,0,21.1,0,25.5,18.6,14
0,3.6,85.7,10.7,0,29.2,60.8,0,10,0,0,22.8,0,27.3,21,5
0,3,91,6,0,0,15,10,75,0,21.9,20.5,0,31,21,15
6,6,68,21,0,0,3,10,87,0,21.2,0,23,30.6,21,15
6,6,76,12,0,0,6,15,79,0,21.4,0,23,31.3,21.6,15
7.1,10.7,50.1,32.1,3,18,64,9,6,0,0,21.9,0,24,16,3
7.1,17.9,42.9,32.1,0,14.1,60.4,0,25.5,0,21.4,18,0,26.6,21,3
2.9,8.8,70.4,17.8,0,11,59,0,30,0,20.6,18,0,23.6,14,3
0,7.1,78.6,14.3,0,0,6.4,16.2,77.4,0,18.4,0,20.3,24,18.6,3
0,3,91,6,0,0,6,12,82,0,25.1,0,26.7,20.5,16.8,13
0,3,85,12,3,38,49,4,6,0,0,21.2,0,27.5,19.5,5
0,3,81,16,0,18,79,0,3,0,0,21.8,0,27.4,17.5,5
0,3,85,12,0,0,68,0,32,0,24.6,22.1,0,27.8,20,5
0,3,82,15,0,3,29,6,62,0,23.9,22.8,0,28.1,20,5
0,4,79,18,0,6.2,77.8,0,16,0,22.1,18.9,0,26,21,5
0,7,86,7,0,13.4,76.6,0,10,0,0,21.2,0,26,21.3,5
0,0,92.4,7.6,0,11.6,80.2,0,8.2,0,0,19.7,0,29.2,23,5
3.3,20,40,36.7,7.8,28.4,62.2,0,1.6,0,0,20.2,0,22.2,16,1
12.9,19.3,42,25.8,3.4,20.8,73.5,0,2.3,0,0,23,0,27.5,20,1
2,19,50,29,4,9,61,2,24,0,0,23.1,0,28,20.8,3
1,9,78,12,4,7,74,0,15,0,21.3,18.9,0,25.2,16.5,3
0,7.1,78.7,14.2,0,11.1,71.2,0,17.7,0,0,19.7,0,18.6,18.2,3
0,6.8,62.2,31,0,12.3,68.3,0,19.4,0,20.2,18.4,0,20.8,18.4,3
4.7,8.3,56.1,30.9,0,12.2,70.4,0,17.4,0,20.8,23.7,0,20.1,15.3,3
7.1,10.7,71.5,10.7,0,6,74,0,20,0,20.6,18.4,0,19.5,13,3
16.7,23.3,23.3,36.7,0,0,41,0,59,0,22.4,17.6,0,24,16.4,3
10.7,17.8,39.4,32.1,0,0,70,0,30,0,21.6,17.2,0,22.5,18.4,3
0,7,86,7,0,16.9,63.7,0,19.4,0,23.9,18.9,0,24.8,19,13
0,3,82,15,0,41,56,0,3,0,0,22.2,0,25.5,19.3,5
0,3,85,12,0,9,62,0,29,0,22,20.1,0,29.6,19.4,5
3,3,79,15,0,3,82,0,15,0,22.7,19.3,0,29.2,18,5
0,3,88,9,0,0,35,0,65,0,24.3,23.9,0,29.8,20,15
3.5,7.1,82.3,7.1,0,0,0,74.7,25.3,0,20.6,0,22,22.8,20.5,3
0,0,96.5,3.5,0,5.9,74.1,0,20,0,23.2,19.8,0,27,22,3
0,15,65,19,0,4.2,81.4,0,14.4,0,23.2,21.7,0,26.5,19,13
0,3,88,9,0,33,52,0,15,0,26,23.5,0,29.3,21.8,13
0,3,85,12,0,0,74,3,23,0,25.4,20.1,0,27.1,21.4,13
0,6,73,21,0,44,56,0,0,0,0,19.7,0,27.5,19.2,5
0,3.5,53.7,42.8,0,10,70.8,0,19.2,0,22.4,18.6,0,17.2,14.9,3
6.7,13.3,56.7,23.3,0,24.2,66.9,0,8.9,0,0,21.5,0,19.8,16.2,3
7.4,14.8,55.6,22.2,0,17.2,66.6,0,16.2,0,0,19.2,0,22,12.3,3
3.5,21.4,46.6,28.5,0,9.5,80.9,0,9.6,0,21.7,18.3,0,24,18.7,3
3.6,7.1,82.2,7.1,10.2,52.3,37.5,0,0,0,0,22.2,0,19,15.1,14
0,17.8,43,39.2,0,2.6,88,0,9.4,0,23.4,20,0,24.8,15.2,14
3.5,17.8,53.7,25,0,15.1,77.2,0,7.7,0,0,23.8,0,27.2,19,11
3.5,14.2,64.5,17.8,0,18.1,68.2,0,13.7,0,0,21.3,0,17,12,5
0,21.4,46.5,32.1,0,5.9,83.8,0,10.3,0,20.5,18.5,0,25,16,5
0,4,68,29,0,6.8,82.9,0,10.3,0,21.3,19.3,0,24,22.2,5
7.1,7.1,68,17.8,2.4,49.6,48,0,0,0,0,22.2,0,24.6,19,1
0,3.4,55.1,41.5,2.6,21.9,75.5,0,0,0,0,22.2,0,29.5,22,1
0,12,41,47,15,29,56,0,0,0,0,23.1,0,21.2,19,1
1.5,30.5,12,56,9,29,56,0,6,0,0,22.5,0,28,21,1
14.3,25,28.6,32.1,4.2,19.4,70.4,0,6,0,0,22.9,0,30,23,1
7.1,14.3,50,28.6,6,16.1,71.1,0,6.8,0,0,20.8,0,18,15,3
0,0,92.9,7.1,10.2,16.3,68.5,0,5,0,0,21.1,0,19.2,16,3
10.7,14.3,53.6,21.4,0,4.1,74.6,0,21.3,0,22.2,19.6,0,19.6,18.2,3
0,3.2,74.3,22.5,2.8,19.1,62.9,0,15.2,0,0,21.5,0,17.5,9.4,3
0,6.8,58.8,34.4,1,20.7,74.6,0,3.7,0,0,21.1,0,20.6,17.3,3
0,10.7,75.1,14.2,0,15.3,64.7,0,20,0,20.9,17.9,0,24,20,3
0,7.6,77.1,15.3,0,10.3,72.3,0,17.4,0,21.9,18.9,0,22,19.5,3
7.1,17.8,39.4,35.7,5.5,72,22.5,0,0,0,0,21.7,0,23.2,15.1,5
7.1,17.8,43,32.1,23,56,21,0,0,0,0,21.9,0,0,22,5
14.8,25.9,29.7,29.6,0,13.7,82.5,0,3.8,0,0,21.6,0,26.6,17.6,5
0,28.6,35.7,35.7,4.4,73.7,21.9,0,0,0,0,23.3,0,28,24.3,5
0,3.5,93,3.5,21.4,49.9,28.7,0,0,17.4,24.1,22.5,0,24.4,23,1
7,18,29,46,21,52.7,26.3,0,0,17.9,0,21.8,0,24.9,20.1,1
3.6,14.3,46.4,35.7,10.2,39.6,50.2,0,0,16.9,0,22.6,0,21,20,1
3.6,2.5,39.3,32.1,5.3,38,56.7,0,0,18.7,0,24.7,0,27,19.5,1
0,10.7,64.3,25,3.4,26.2,63.6,0,6.8,0,0,23.2,0,28.2,26,1
7.1,28.6,25,39.3,1.4,9.1,77,0,12.5,0,0,22,0,27.2,21.3,3
0,11,57,32,4,20,72,0,4,0,0,22.9,0,30,23.9,3
0,27.2,57.7,15.1,0,18,72,0,10,0,0,22.3,0,28.9,25,3
10.7,14.3,46.4,28.6,6.2,19.4,58.5,0,15.9,0,0,17.3,0,25.8,20.7,3
0,3.7,77.8,18.5,2.6,17.5,73.4,0,6.5,0,0,22.1,0,19,17.2,3
3.6,7.2,78.5,10.7,3,3,76,0,18,0,23.4,20,0,24.6,18.4,3
0,3,65,32,0,0,68,0,32,0,21.1,18,0,18.5,14,5
3,6,82,9,0,9,76,0,15,0,20.8,18.4,0,21.7,19.8,5
0,3,82,15,0,0,80,0,20,0,22.3,20.9,0,27.2,19,5
6.4,6.4,58.2,29,0,11.1,68.9,0,20,0,0,20.7,0,27,15.5,3
9,18,52,21,0,9,72,3,16,0,21.6,20.4,0,26.1,19,5
2,8,65,25,2,21,64,0,13,0,0,25.7,0,29.9,21.7,1
3.6,7.1,57.2,32.1,5.1,28.6,51.6,0,14.7,0,0,21.2,0,31,25.7,1
0,0,76,24,2,35,63,0,0,0,0,20,0,26.7,22,1
0,15,51,34,1,32,66,0,1,0,0,22.8,0,30.8,23,1
3.6,10.7,60.7,25,0.7,15.3,78.9,0,5.1,0,0,24.3,0,27.6,19.6,1
7.1,17.9,2.1,42.9,2.5,22.3,68.1,0,7.1,0,0,23.7,0,30,28,1
0,14.3,67.8,17.9,0,2.7,68.3,0,29,0,22.5,19.3,0,19.2,17.2,1
10.7,25,35.8,28.5,2.4,9.2,72.3,0,16.1,0,19.4,22.3,0,20,20,3
3,19,45,32,0,0,59,0,41,0,23.5,21,0,28.9,22.8,13
6,19,43,32,0,0,47,0,53,0,24.6,20.8,0,24.5,20,13
12,21,43,24,0,0,27,3,70,0,24.3,22.8,0,24.5,21,13
15,21,40,24,0,0,30,0,70,0,24.3,19.2,0,26.5,19,13
3,15,61,21,0,0,65,0,35,0,24.4,19.5,0,26.9,18,13
0,12,68,21,0,0,29,0,71,0,25.7,22.7,0,23.2,15.1,13
18,24,35,24,0,3,59,0,38,0,24.9,20.1,0,28.5,17,13
18,24,32,26,0,0,38,4,58,0,24.6,21.6,0,28,18.7,13
0,3,74,24,0,0,59,0,41,0,22.4,19.1,0,29.7,21.6,2
0,0,75,25,0,0,0,58,42,0,19.2,0,24.5,18.5,14,2
0,3,85,12,0,0,0,38,62,0,19.3,0,21.3,21.6,18.5,2
0,0,97,3,0,0,0,47,53,0,19.4,0,21.8,20,16.6,2
0,18,58,24,0,0,0,35,65,0,20.1,0,22.3,26.3,18.4,2
0,3,79,18,0,0,0,64,36,0,21.5,0,23,27.9,19,2
3,9,65,24,0,0,0,76,24,0,18.5,0,20.7,19.2,14.6,2
0,3,88,9,0,0,0,76,24,0,19.2,0,22.4,25.4,17.5,2
0,9,79,12,0,0,0,85,15,0,18.4,0,23.8,29.6,20.5,2
3,3,53,41,0,0,0,81,19,0,19.9,0,21.1,28.8,20,2
0,3,74,24,0,0,21,50,29,0,21.2,0,22.6,29.6,16.2,2
0,6,82,12,0,0,0,82,18,0,21.1,0,22.2,30.2,23.2,2
0,12,68,21,0,0,0,59,41,0,19.9,0,21.8,20.6,18.6,2
7,4,82,7,3,38,59,0,0,0,0,21.9,0,24.9,17.6,5
0,7.1,78.6,14.3,0,26,74,0,0,0,0,23,0,28.3,22.3,5
0,3.5,53.7,42.8,4.7,27,68.3,0,0,0,0,20.2,0,20.6,19.4,1
7.1,10.7,46.5,35.7,1.2,8.7,86.5,0,3.6,0,0,20.4,0,24,20.3,1
7.1,10.7,60.7,21.5,4.5,52.8,42.7,0,0,0,0,20.6,0,28.1,23.1,1
0,7.2,82.1,10.7,4.7,29.5,65.8,0,0,0,0,18.9,0,20.1,12.1,1
10.7,10.7,35.7,42.9,1.5,13.5,80.8,0,4.2,0,0,22.5,0,25.7,18,1
0,3.5,71.4,25.1,0,74.1,18.3,0,7.6,0,0,22.4,0,19.3,17,1
0,7.1,78.6,14.3,3.2,28.9,64.3,0,3.6,0,0,20.5,0,27.5,19.7,1
3.6,7.1,64.3,25,2.1,13.9,69.8,0,14.2,0,0,24.5,0,23,18.6,1
0,23.8,50.1,26.1,0,3.5,89.5,0,7,0,21.5,17.8,0,28,26,1
3.6,17.9,42.8,35.7,0,14.5,77.1,0,8.4,0,0,20.4,0,25,17,1
10.7,10.7,50,28.6,0,16.7,63.3,0,20,0,0,21,0,19.4,13,1
0,6,82,12,0,0,32,0,68,0,21.2,19.5,0,23.2,20.4,15
3,6,79,12,0,0,33,0,67,0,22.7,20.1,0,25,19,15
3,8,80,9,0,0,6,0,94,0,22.2,20.9,0,29.9,21.4,15
3,3,88,6,0,0,12,3,85,0,21.9,20.9,0,29.5,22.2,15
0,3,85,12,0,0,3,6,91,0,18.6,0,21.4,21,16,15
0,3,88,9,0,0,19,0,81,0,22.9,21.2,0,26.5,19,15
0,3,85,12,0,0,3,3,94,0,21.5,20,0,30.4,19.6,15
0,6,82,12,0,0,6,6,88,0,21.4,18.8,0,30,18.6,15
3,7,78,12,0,0,15,0,85,0,20.4,18.7,0,27.5,18,15
5,7,76,12,0,0,3,0,97,0,21.4,20.3,0,30.6,18.6,15
7,10,71,12,0,0,3,0,97,0,21,18.8,0,30.9,21.8,15
0,3,85,12,0,0,0,3,97,0,20.7,0,21.7,31.4,21.4,15
0,6,82,12,0,0,24,0,76,0,21.7,19.4,0,24.9,16.4,15
0,3,85,12,0,0,13,3,84,0,21.8,20.4,0,30,18.6,15
3,9,65,24,0,0,16,0,84,0,22,21.3,0,29.1,18.7,15
6,12,59,29,0,0,9,6,85,0,21.8,20,0,30,22.6,15
6,22,39,32,0,0,18,0,82,0,25.3,23.1,0,24.5,18,15
21,26,18,35,0,0,12,9,79,0,22.1,17.5,0,30,19,15
19,21,34,26,0,0,9,6,85,0,24.6,21.5,0,30,19,15
9,24,35,32,0,0,0,56,44,0,18.2,0,20.7,22.8,16.2,15
18,23,33,26,0,0,0,35,65,0,20.4,0,21.9,27.2,17.2,15
32,26,21,21,0,0,0,38,62,0,18.7,0,22.8,27.8,22,15
12,21,43,24,0,0,0,38,62,0,21.3,0,22.4,28.2,22.6,15
9,24,38,29,0,0,0,29,71,0,18.6,0,21.3,2.6,4.5,15
9,24,35,32,0,0,0,47,53,0,21.9,0,22.6,18.5,13.2,15
21,24,29,26,0,0,0,32,68,0,21.6,0,22.4,22.8,18.2,15
34,30,9,27,0,0,0,62,38,0,21.3,0,22.4,27.5,20.1,15
21,24,31,24,0,0,0,29,71,0,19.6,0,21.1,27.9,19.9,15
29,35,16,20,0,0,0,32,68,0,19.4,0,22,28.4,22.5,15
24,18,24,34,0,0,0,38,62,0,20.2,0,23.4,30.2,23,15
32,29,18,21,0,0,0,71,29,0,20.2,0,23.3,25.4,16.1,15
15,15,46,24,0,0,0,62,38,0,20.9,0,23.1,25.5,16.4,15
9,24,43,24,0,0,0,63,37,0,20.7,0,22.9,26.6,16.9,15
9,9,64,18,0,0,0,71,29,0,21.2,0,22.6,27.2,17.1,15
0,10.7,71.4,17.9,0,8.9,77.8,0,13.3,0,0,19.7,0,25,21.1,3
7.1,14.3,53.6,25,0,14.2,76.4,0,9.4,0,0,23.1,0,30,25,3
3.6,7.1,82.2,7.1,21.9,71.8,6.3,0,0,0,0,20.6,0,19.4,12,3
0,9.6,74.3,16.1,0,18.4,65.8,2.5,13.3,0,0,21,0,20,17,3
3.5,7.1,71.6,17.8,0.4,6.5,73.1,0,20,0,16.8,21.9,0,20,17.3,3
0,17.2,44.9,37.9,0,7.4,82.6,0,10,0,17.1,21,0,21,19.8,3
7.1,17.8,43,32.1,0,4.8,58.3,0,36.9,0,17.9,21.9,0,17.4,14.5,3
7.1,14.3,53.6,25,0,16.7,54.7,0,28.6,0,21.4,17.5,0,19,17,3
10.7,10.7,60.7,17.9,0,5.6,66,0,28.4,0,0,22.8,0,27,24.4,3
0,3,88,9,0,8.1,73.8,0,18.1,0,21.4,18,0,25.1,18.4,14
0,3,82,15,0,21,44,6,29,0,26.3,21.5,0,23.6,15,13
3,17,28,52,0,0,59,3,38,0,26.7,20.2,0,23,18.5,13
0,18,65,18,0,0,56,3,41,0,23.7,21.4,0,28.3,25,13
0,3,91,6,0,21,70,0,9,0,0,21.7,0,17.9,14.9,5
0,12,59,29,0,12,78,0,10,0,0,21.1,0,18,15.6,5
0,12,50,38,0,6,64,0,30,0,20.8,18.9,0,25.5,18,5
0,9,76,15,0,26,64,0,10,0,0,21.9,0,25.8,19.6,5
0,3,91,6,0,0,48,0,52,0,24.7,21.3,0,17.5,15,15
7.1,10.7,46.5,35.7,9,61,30,0,0,0,0,20,0,28,25,5
3.5,25,42.9,28.6,7.9,80.1,12,0,0,0,0,22,0,24,21,5
0,10.7,60.7,28.6,0,20.8,77.9,0,1.3,0,0,0,0,27,25,5
7.1,7.1,39.4,46.4,0,3.3,82.9,0,13.8,0,20,18.5,0,20.2,17.5,5
4,21,46,29,0,19.9,71.4,0,8.7,0,0,23.5,0,26,24,5
3,9,71,18,0,24,73,0,3,0,0,21,0,24,18,5
0,0,93,7,0,29,71,0,0,0,0,21.3,0,24,19,5
0,0,92.9,7.1,0,8.4,71.6,0,20,0,19.3,18.8,0,29.2,23.2,5
7.1,10.7,60.8,21.4,0,32,60,0,8,0,0,22.3,0,25.6,17.4,5
0,0,86,14,2.9,16.4,71.1,0,9.6,0,0,23,0,29.2,23,5
7,14,50,29,0,7.2,74.2,0,18.6,0,20.1,18.4,0,24.8,20.9,5
6,9,73,12,12,26,56,0,6,0,0,21.8,0,25.5,23,5
0,3,85,12,18,38,44,0,0,0,0,23.2,0,28,21,5
0,3,76,21,12,26,59,0,3,0,0,22.6,0,28.2,21,5
0,0,82,18,0,24,73,0,3,0,0,23.2,0,27,21,5
0,3,76,21,0,24,73,0,3,0,0,22.4,0,27,19.5,5
10.7,3.6,35.7,50,7.2,27,65.8,0,0,0,0,19.4,0,28,23,1
3.3,20,30,46.7,3.8,32.8,63.4,0,0,0,0,19.4,0,28,26,1
6.7,23.3,23.3,46.7,6.3,10.7,81,0,2,0,0,21.1,0,29,27.3,1
10.4,20.6,20.6,48.4,0,12.5,84.3,0,3.2,0,0,22.2,0,29,28,1
14.2,17.9,39.3,28.6,4.4,31.6,64,0,0,0,0,21.9,0,24.9,20.2,1
10.7,17.9,39.3,32.1,2.5,33.4,60.6,0,3.5,0,0,22.8,0,29,22,1
10.7,17.8,39.4,32.1,7.5,34.1,55,0,3.4,0,0,22.6,0,21,20.5,1
0,23.5,58.9,17.6,3,32,62,0,3,0,0,24.6,0,28,23,1
0,7,44,49,2,42,56,0,0,0,0,21.3,0,27,17.7,1
0,4,75,21,8,54,38,0,0,0,0,21.7,0,28,22.7,1
0,21,21,58,0,3,47,3,47,0,0,21.1,0,29.4,17,1
0,5,56,39,9,25,64,0,2,0,0,21.4,0,28.6,21,1
0,17.8,46.5,35.7,0,16.2,73.6,0,10.2,0,0,22.3,0,29.4,19,1
7.1,14,64.3,14.6,0,5.9,82,0,12.1,0,0,22.1,0,27,17.6,1
7.2,10.7,50,32.1,4.4,17.4,73,0,5.2,0,0,20,0,29,27,3
0,7.6,76.9,15.5,2.8,11.1,77.1,0,9,0,0,21.5,0,29,28,3
0,9,55,36,0,6,82,0,12,0,0,20.7,0,23,20.5,3
0,4.7,83,12.2,0,0,83,0,17,0,22.2,21.6,0,28,21.9,3
0,6,50,44,3,44,43,0,10,0,0,26.6,0,30.2,27,5
3,21,35,41,0,24,76,0,0,0,0,20.6,0,29.2,22.1,5
6,11,47,36,9,29,59,0,3,0,0,22.1,0,27.1,25.2,5
0,14,54,32,6,18,76,0,0,0,0,22.7,0,27.5,23.2,5
15,15,50,21,0,32,58,3,7,0,0,21.6,0,25,15.8,5
0,6,68,26,0,45,50,0,5,0,0,23.3,0,25.6,20.6,5
3,3,76,18,0,21,76,0,3,0,0,22.8,0,27.3,20.6,5
0,6,65,29,0,32,68,0,0,0,0,20.8,0,30,24,5
3.5,11,57,28.5,20.6,63.7,15.7,0,0,15.7,0,20.6,0,27.1,24.2,1
17.8,35.7,10.8,35.7,11.3,54.9,33.8,0,0,15.7,0,20.5,0,29.2,28.8,1
7.1,7.1,75.1,10.7,0,1.5,89.8,0,8.7,0,0,22.7,0,20,16.3,5
0,17.9,64.2,17.9,0,10,81.6,0,8.4,0,0,22.1,0,19.5,14,5
0,7,82,11,0,6,79,0,15,0,22.6,21.1,0,24,19.6,13
0,3,88,9,0,15,82,0,3,0,0,26.1,0,26.2,20.3,13
3,9,79,9,0,23,77,0,0,0,0,22.7,0,28.1,23,13
7,11,68,14,0,14.2,73.5,0,12.3,0,0,23.2,0,25.4,19.6,5
0,3,79,18,12,32,47,3,6,0,0,20.9,0,28,22.7,5
0,3,82,15,0,0,65,0,35,0,22.4,18.9,0,30,22.7,5
0,3,91,6,0,9,59,0,32,0,22.8,20.5,0,21.7,20.7,5
0,12,59,29,0,0,64,3,33,0,23.4,21.6,0,27,17.7,5
10.7,10.7,46.4,32.2,0.7,13.2,82.6,0,3.5,0,0,20.4,0,22.5,21.3,1
14.3,25,32.1,28.6,1.8,15.4,72.8,0,10,0,0,20.9,0,28.2,26,1
6.9,20.7,48.3,24.1,2.3,27.3,65.4,0,5,0,0,20.9,0,24,17.4,1
3.6,21.4,50,25,1.5,35.6,60,0,2.9,0,0,20.4,0,28.7,20,1
0,3,91,6,0,0,26,3,71,0,24.2,23.9,0,32,20.5,15
3,3,88,6,0,0,26,0,74,0,23.3,22.5,0,23,21.3,15
3,6,79,12,0,0,15,20,65,0,24.3,0,25.9,31.1,19,15
3.6,10.7,57.1,28.6,0.4,9.4,81.7,0,8.5,0,0,20.9,0,25,18.5,3
0,10.7,75,14.3,0,9,71,0,20,0,0,21.2,0,27.4,24.5,3
10.7,14.3,46.4,28.6,1.9,18.2,74.9,0,5,0,0,21.9,0,30,25,3
0,10.7,75.1,14.2,0,20.6,69.6,0,9.8,0,0,21.1,0,19.5,15.1,3
14.3,17.9,42.8,25,0,12,79,0,9,0,0,23.9,0,22.3,18.7,3
0,6,66,28,18,21,56,0,5,0,0,21.4,0,27,23,5
3,6,85,6,0,0,15,18,67,0,23.4,21.4,0,28.9,18,15
3,3,86,8,0,0,2,18,80,0,22.8,0,25.1,29.4,23,15
10.7,10.7,32.2,46.4,0,0,26,22,52,0,22.1,19.2,0,26,22.9,3
8.8,23.5,38.2,29.5,0,3,62,0,35,0,19.7,17.6,0,28,23.2,3
0,7.1,64.3,28.6,0,10,75.8,0,14.2,0,21.2,19.8,0,26.7,20,3
0,3,85,12,0,0,3,53,44,0,21.2,0,24.9,24.8,19.4,2
3,6,79,12,0,0,3,38,59,0,19.6,0,23.1,24.2,19,2
0,6,79,15,0,0,0,70,30,0,19.4,0,23.3,27.8,18.7,2
3,6,79,12,0,0,0,71,29,0,23.1,0,27.6,26.8,18,2
0,0,82.1,17.9,0,5,79.6,0,15.4,0,22.1,20,0,27.5,22,5
8.8,20.7,38.2,32.3,0,15.5,67.1,0,17.4,0,0,16.6,0,25.7,16,5
14.7,20.5,38.4,26.4,0,7,75.1,0,17.9,0,20.5,17.7,0,23,15,5
3,9,76,12,0,0,29,0,71,0,22,19.3,0,21.5,19.7,15
3.6,14.3,53.5,28.6,0,5.3,67.5,0,27.2,0,21.5,19.6,0,27.4,20,3
7.1,7.1,60.8,25,0,5.9,59.1,0,35,0,21.7,18.2,0,26.2,22,3
0,10.7,75,14.3,0,16.7,53.3,0,30,0,21.3,18.9,0,28.3,23,3
7.1,18.6,25,39.3,0,0,7.8,19.4,72.8,0,18.3,0,21.5,26,24,3
0,3,82,15,19,25,56,0,0,0,0,21.2,0,23.4,20,5
0,15,68,18,12,41,38,0,9,0,0,20.9,0,26.5,16,5
10.7,21.4,42.9,25,0,7,76.5,0,16.5,0,19.9,18.5,0,24,19.6,5
3,15,53,29,0,0,71,8,21,0,22.4,19.8,0,28.6,24,5
0,18,58,24,0,6,74,0,20,0,20.7,18.7,0,24.5,19,5
12,15,56,18,0,9,71,0,20,0,22,17.9,0,18.6,17,5
9,12,44,35,0,12,73,0,15,0,21.5,18.7,0,23,18,5
9,18,53,20,0,15,75,0,10,0,0,22.1,0,25.4,22,5
3,21,50,26,0,21,61,0,18,0,0,22.7,0,25.4,21,5
3,9,47,41,0,6,76,0,18,0,18.7,16.4,0,27.7,19.1,5
9,24,35,32,0,18,55,0,27,0,20.3,18.9,0,26.9,24.5,5
16,22,15,47,0,3,68,0,29,0,20.2,18.7,0,25,20,5
15,18,41,26,0,3,35,0,62,0,18.4,17.9,0,27.7,20.8,5
9,18,38,35,0,12,38,0,50,0,20.5,19.2,0,27.2,19,5
3.6,14.3,53.5,28.6,0,11.5,83.5,0,5,0,0,21.3,0,23,20,5
0,11,46,43,0,16,79.1,0,4.9,0,0,21.4,0,26.4,23.6,5
3.5,25,43,28.5,0,4.3,88.9,0,6.8,0,21.8,19.7,0,25.2,18,5
0,7,79,14,0,3.9,84.9,0,11.2,0,20.4,19.3,0,23.5,21.5,5
3,3,83,10,6,15,79,0,0,0,0,21.1,0,26.2,21,5
4,14,61,21,0,11.9,85.4,0,2.7,0,0,26.3,0,19.8,18,13
4,21,54,21,0,12,82,0,6,0,0,24,0,27.4,21.6,13
3.5,14.2,60.9,21.4,0,11.6,71.5,0,16.9,0,22.8,21,0,29.4,26,13
0,10,77,13,0,9.6,74.8,0,15.6,0,23.1,18.9,0,24,18,13
0,0,97,3,0,41,56,0,3,0,0,23.8,0,0,28.8,13
0,3,82,15,0,24,70,0,6,0,0,23.6,0,30.2,20,13
0,10.7,78.6,10.7,2.8,15.6,76.7,0,4.9,0,0,20.7,0,19.2,16.5,12
3.6,21.4,53.6,21.4,4.8,22.9,69.8,0,2.5,0,0,21.5,0,19.2,22.1,12
13.3,19.2,26.9,40.6,4.1,82,10.3,0,3.6,0,0,22.7,0,19,19,12
3.6,3.6,67.8,25,0,4.5,76.3,0,19.2,0,23.5,18,0,23,15.3,12
0,3.6,42.8,53.6,1.7,18.7,71.4,0,8.2,0,0,23.3,0,28,22,12
0,7.1,71.5,21.4,3,9,85,0,3,0,0,23.3,0,26,24,12
0,0,46.4,53.6,0,11,56,4,29,0,21,17.4,0,28,25,12
7.1,7.1,71.5,14.3,0,6.9,75.1,0,18,0,23,20,0,28,20.2,12
0,6,85,9,0,15,55,6,24,0,20.7,18.6,0,29,20,2
0,0,77,23,0,0,32,12,56,0,24,19.8,0,27.8,19.5,2
0,3,85,12,0,0,47,21,32,0,24,22.4,0,28,20,2
0,3,88,9,0,0,0,32,68,0,22.5,0,25.6,26.6,20,2
3,9,53,35,0,3,71,0,26,0,21.4,17.4,0,26.8,20,5
3,12,53,32,0,3,82,0,15,0,21.9,20.3,0,28,19.6,5
0,12,71,18,0,3,79,0,18,0,23.3,20.4,0,26.2,21,5
3,6,65,26,0,15,67,0,18,0,21.4,19.7,0,20,17.5,5
0,3,88,9,0,33,67,0,0,0,0,21.8,0,18.3,16.4,15
3,6,82,9,0,0,65,0,35,0,22.2,21.8,0,24.4,17.6,15
0,3,79,18,0,0,56,0,44,0,24.4,22,0,26.6,20,15
0,3,85,12,0,0,44,0,56,0,22.3,19.9,0,27.2,22,15
0,6,82,12,0,0,21,0,79,0,23.2,22.2,0,21.4,15.6,15
3,3,88,6,0,0,47,0,53,0,22.5,19.3,0,25,18.6,15
0,6,82,12,0,0,62,0,38,0,21.1,20.8,0,28.5,21.4,15
0,3,88,9,0,0,35,3,62,0,20,18.8,0,28.9,25,15
3,3,85,9,0,0,6,9,85,0,22.3,18.7,0,28.8,25,15
3,3,85,9,0,0,3,15,82,0,20.2,0,22.4,22,17,15
3,15,68,15,0,41,56,0,3,0,0,24,0,27.5,18,15
0,3,88,9,0,3,9,3,85,0,24.6,23,0,28.8,19.9,15
0,3,81,16,0,0,18,3,79,0,23.5,18.3,0,30.6,20,15
0,6,65,29,1,18,72,0,9,0,0,20.2,0,26.5,21,3
0,4,78,18,2,12,84,0,2,0,0,21.2,0,29.1,23.6,3
0,7,55,38,0,9,77,0,14,0,0,19.8,0,30,25,3
0,12.9,64.6,22.5,0,18,62,0,20,0,0,20.4,0,28.4,23.8,3
3.6,17.9,42.8,35.7,0.7,8,82.1,0,9.2,0,0,19.5,0,19.4,17.5,3
0,2.3,81.1,16.6,0,8.7,73.2,1.5,16.6,0,0,21.5,0,25,21.5,3
0,17.9,57.1,25,0,7.3,70.8,0,21.9,0,0,20.9,0,26,24,3
7.1,10.7,50.1,32.1,1.1,17,64.8,0,17.1,0,0,20.8,0,28,24.9,3
3.6,13.6,50,42.8,1.7,20.5,69.7,0,8.1,0,0,20.3,0,27,14.1,3
0,6,82,12,0,0,82,0,18,0,20.9,18.1,0,20.5,16,18
3,6,71,21,0,21,73,0,6,0,0,20.3,0,21.8,18.6,18
9,29,6,56,0,3,91,0,6,0,23.2,21.1,0,30.8,22.7,18
3,3,82,12,0,0,30,0,70,0,22.8,21.7,0,28,17,16
0,3,71,26,0,9,32,0,59,0,20.7,18.4,0,26.5,17,16
3,9,76,12,0,0,55,3,42,0,21.2,20.9,0,27.2,18.5,16
3,12,73,12,0,3,36,6,55,0,22.4,18.2,0,28.6,18.8,16
0,3,88,9,0,0,30,0,70,0,23.7,20.8,0,29.5,18.4,16
6,6,65,24,0,3,45,0,52,0,22.8,19.9,0,30,23.6,16
3,6,70,21,0,3,30,3,64,0,21.9,20.6,0,20.3,18.6,16
0,0,79.3,20.7,4.6,61.4,28,0,6,0,0,19.6,0,24,19,3
14.3,25,35.7,25,2.2,18.4,69.4,0,10,0,0,19,0,28.4,23,3
0,9,69,22,7,21,70,0,2,0,0,19.8,0,26,19.5,3
0,0,73,27,4,20,70,0,6,0,0,22,0,29,26.8,3
0,10.7,46.4,42.9,0,18.1,71.9,0,10,0,0,20.3,0,19.2,16.8,3
0,3.6,64.3,32.1,0,27.3,62.7,0,10,0,0,21.1,0,20,16.9,3
3.6,21.4,53.6,21.4,0,18.8,65.4,0,15.8,0,0,20,0,17.2,15.5,3
10.7,14.3,46.4,28.6,0,10.1,72.8,0,17.1,0,21.4,18.4,0,19,17.5,3
7.1,7.1,71.5,14.3,24,58,18,0,0,0,0,26.5,0,22,18,13
7.1,7.1,75,10.7,0,13.8,76.8,0,9.4,0,0,25,0,25,18.6,13
7,18,54,21,0,19.4,73.2,0,7.4,0,0,24.9,0,25.4,20,13
0,7.1,71.5,21.4,0,6,81,0,13,0,24.1,19.4,0,28,14,13
0,12,74,15,0,6,65,3,26,0,25.8,23.9,0,30,14,13
0,11,82,7,0,18,76.6,0,5.4,0,0,20.1,0,26,21,5
0,0,92.4,7.6,3,56,41,0,0,0,0,20.9,0,28.6,18.3,5
0,6,76,18,12,29,59,0,0,0,0,21,0,30.2,15.2,5
3.5,28.5,25,43,0,14.2,77.8,0,8,0,0,20.8,0,28.7,28,1
14.2,25,32.3,28.5,1.3,21.1,74.9,0,2.7,0,0,23,0,28,16.2,1
0,32,16,51,3,31,64,1,1,0,0,20,0,30,19.7,1
0,12,60,28,0,15.1,76,0,8.9,0,0,22.6,0,28,21.6,1
9.7,17.8,44,28.5,0,20,72.5,0,7.5,0,0,21,0,27.5,17,1
3.6,21.4,39.3,35.7,0,11.7,61.7,0,26.6,0,22.3,19.7,0,19.5,13,1
3.1,15.6,59.5,21.8,0,10.8,82,0,7.2,0,0,20.7,0,28.9,23,3
0,7.4,70.4,22.2,0,14.4,68.7,0,16.9,0,0,20.6,0,28,17.2,3
7.1,10.7,71.5,10.7,0,8.5,76.7,0,14.8,0,0,22.6,0,28,16.9,3
7.1,10.7,60.8,21.4,6,56,38,0,0,0,0,22.8,0,24,17.4,11
0,6.8,72.6,20.6,7.2,72.8,20,0,0,0,0,22.2,0,27.2,12.3,11
0,6,76,18,3,24,73,0,0,0,0,20.5,0,27.5,24,5
0,3,91,6,0,13,71,0,16,0,22.8,21.2,0,25,15,5
0,3,79,18,9,50,38,0,3,0,0,21.5,0,27.2,24,5
0,9,72,19,0,37,50,0,13,0,0,22.1,0,28,23.3,5
0,14.2,68,17.8,2.4,12.1,68.5,0,17,0,0,23.6,0,22.4,16.4,3
0,12,62,26,0,0,62,0,38,0,23.9,20.7,0,26.2,20.8,18
0,3,76,21,0,3,65,0,32,0,24.4,19.2,0,28.2,20,18
0,3,82,15,0,30,70,0,0,0,0,22.2,0,27.5,20.2,16
0,3,82,15,0,9,76,3,12,0,24.4,21.3,0,27.5,23.5,16
0,6,82,12,0,0,56,18,26,0,24.1,22.5,0,27.5,19.4,16
6,9,73,12,0,0,31,0,69,0,25.3,22.5,0,25,16,2
0,0,96.4,3.6,0,20,64,5,11,0,0,23.5,0,27.8,21,5
0,0,93,7,0,10.6,79.4,0,10,0,0,24.5,0,27.7,18,5
3,9,68,21,0,9,76,3,12,0,23.2,20.7,0,29.7,24.7,5
0,0,89.3,10.7,0,7.9,72.2,0,19.9,0,22.7,20.4,0,28.6,20.8,5
3,9,68,21,9,16,55,3,17,0,27.6,24.5,0,25.2,19.6,5
3,6,79,12,0,19,61,0,20,0,23.7,22.9,0,26.1,21,5
0,6,79,15,6,22,63,0,9,0,0,27.7,0,28.6,20.6,5
0,9,70,21,0,35,62,0,3,0,0,21.4,0,27.1,21,5
12,18,50,21,0,15,82,0,3,0,0,23.8,0,26.2,19.9,5
0,6,68,26,0,19,72,0,9,0,0,23.2,0,27.7,21.6,5
0,9,79,15,0,5,86,0,9,0,24.8,22.2,0,26.5,18,5
0,6,82,12,0,6,74,0,20,0,24.5,22.9,0,24.2,19.8,5
0,3,74,24,0,3,77,0,20,0,0,26.4,0,24.5,18.6,5
0,0,79,21,0,0,29,6,65,0,23,21.6,0,27.5,20.6,5
35,41,6,18,0,0,16,6,78,0,23.5,20.5,0,28.2,21.1,5
47,41,3,9,0,0,6,6,88,0,23.2,19.6,0,30.1,23.2,5
17.9,32.1,14.3,35.7,0,16.1,72.7,0,11.2,0,0,24.6,0,30,23,1
7.1,10.7,39.3,42.9,2.4,27,67.8,0,2.8,0,0,21.1,0,28.1,27,1
11,21,44,24,0,0,41,6,53,0,26.6,20.2,0,26.8,20,15
15,18,47,21,0,0,16,0,84,0,22,20.1,0,27.5,20.4,15
3,6,82,9,0,0,82,0,18,0,24,21.5,0,27.4,20.1,15
0,0,79,21,0,3,44,0,53,0,24.8,22.8,0,30.1,22.4,15
0,3,85,12,0,3,50,0,47,0,25.3,23.3,0,21.8,20.3,15
0,3,88,9,0,0,74,0,26,0,24.2,21.6,0,27.8,18.6,15
7.1,7.1,67.9,17.9,0,20,55.8,0,24.2,0,0,23.5,0,28,21,3
3.6,10.7,50,35.7,1.7,15.5,69.7,0,13.1,0,0,23.7,0,28,24,3
7.1,7.1,67.9,17.9,1.9,23.4,64.7,0,10,0,0,22.7,0,20,19,3
0,3.6,69.3,27.1,1.5,24.6,58.7,0,15.2,0,0,20.8,0,20,19.9,3
0,0,92.9,7.1,0,15.7,68,0,16.3,0,0,22.7,0,21,18,3
0,14.2,64.4,21.4,0,14.5,65.5,0,20,0,23.8,19.8,0,17.4,12.9,3
17.9,17.9,35.6,28.6,0,0,80.2,0,19.8,0,24.6,22.2,0,19,16.8,3
0,0,82,18,0,15,73,3,9,0,20.6,18.3,0,27.2,25,2
3,3,68,26,0,0,26,0,74,0,25,23.9,0,27.6,17,15
0,3,88,9,0,0,18,3,79,0,27.1,20.9,0,27.7,18.6,15
4,11,82,4,3,24,58,0,15,0,0,24.9,0,21.5,16.6,13
0,6,76,18,0,9,76,6,9,0,0,21.9,0,27.7,21.1,5
17.9,21.4,32.1,28.6,0,5.9,84.6,0,9.5,0,0,21.1,0,28.5,24.2,1
3.6,14.3,60.7,21.4,0,14.2,77.5,0,8.3,0,0,20,0,25,19.2,1
0,3,91,6,0,0,12,18,70,0,23.2,22.2,0,27.1,19,15
0,0,91,9,0,0,15,9,76,0,22.6,21.2,0,21.4,18.2,15
17.9,21.4,35.7,25,0,7.8,56.7,0,35.5,0,20.9,17.4,0,20,14.6,3
3.6,10.7,50,35.7,0,8.8,74.4,0,16.8,0,20.7,17.3,0,19.6,13.7,3
3,12,50,35,0,44,56,0,0,0,0,20.3,0,27.7,20.2,5
0,18,59,24,0,6,74,0,20,0,20.6,18.7,0,24,20,5
3,14,52,31,0,12,71,0,17,0,19.8,18.3,0,26.1,222,5
5,15,41,39,0,32,68,0,0,0,0,21.5,0,30.9,20.1,18
6,21,47,26,0,12,79,0,9,0,0,18.9,0,29,18.2,18
0,3.5,85.8,10.7,0,9.5,40.6,6.1,43.8,0,20.5,19.5,0,27,18,2
0,3,65,32,0,9,29,29,33,0,25.2,21.8,0,25.4,18,2
0,9,74,18,0,6,12,15,67,0,22.1,21.4,0,24,17.4,2
3,9,67,21,0,21,44,0,35,0,22.6,21.3,0,30.4,16,2
3,13,53,31,0,13,71,0,16,0,22.8,18.9,0,25.4,20,15
0,3,85,12,0,15,85,0,0,0,0,22,0,25.5,17,15
3,18,44,35,0,0,41,3,56,0,24.2,19.3,0,27.5,20,15
3,26,41,29,0,3,47,3,47,0,21.9,20.4,0,28.6,20.9,15
0,3,68,29,0,0,21,35,44,0,19.2,17.3,0,30,20,15
0,6,74,21,0,21,53,0,26,0,22.3,19.4,0,25.4,18.4,16
18,24,32,26,0,3,21,15,61,0,25.7,22.1,0,22,20.7,16
0,4,82,14,0,10.5,79.5,0,10,0,22.7,19.9,0,20,16.3,5
3,5,76,16,0,21.6,72.4,0,6,0,0,20.8,0,23.6,19,5
9,12,59,21,0,16.5,68.3,0,15.2,0,0,20.1,0,26.9,22.2,5
0,6,76,18,18,44,38,0,0,0,0,21.2,0,30.5,24.8,5
0,3,76,21,12,62,26,0,0,0,0,20.4,0,30.7,23.5,5
5.8,5.8,73.7,14.7,0,11.7,71.5,0,16.8,0,0,21.7,0,21.5,15.5,5
0,5.8,88.4,5.8,0,20.8,69.9,0,9.3,0,0,23.9,0,24,19,5
3.4,6.8,76.1,13.7,0,10.8,73.8,0,15.4,0,0,21.7,0,28,21,5
6,12,44,38,3,32,65,0,0,0,0,22.4,0,27.2,25.2,5
0,3.6,89.3,7.1,0,15.8,71.3,0,12.9,0,0,20.4,0,28.2,25.2,5
0,3,88,9,35,53,12,0,0,0,0,21.2,0,26,21.2,5
10.7,35.7,14.3,39.3,0,0,70,4.1,25.9,0,22.6,21.2,0,25.2,17.4,3
0,4,71,25,0,0,15.9,22.6,61.5,0,20.6,0,22.1,24.5,18.9,3
0,7,85,7,0,0,0,80.1,19.9,0,18,0,22.1,26,21,3
0,11,61,29,0,0,8,6,86,0,22,20.7,0,17.2,15.5,3
11,21,61,7,9,18,34,3,36,0,23.1,20.3,0,23.6,15,3
0,11,86,4,0,0,7,6,87,0,19.6,18.9,0,28,23.4,3
6,25,47,22,0,10.4,16.1,0,73.5,0,22.6,21.4,0,28.1,24.8,3
4.7,5.8,73.7,8.8,0,7.9,71,0,21.1,0,21.3,20.1,0,23,17.2,3
0,12,74,15,0,16,70,0,14,0,0,23.3,0,25,15,3
0,3,73,24,6,36,58,0,0,0,0,21.7,0,27.5,23,5
3,3,79,15,3,32,55,0,10,0,0,22.6,0,26.6,19,5
0,3,85,12,19,29,48,0,4,0,0,20.7,0,28.6,15,5
0,3.6,78.6,17.8,0,2.9,80.4,0,16.7,0,22,20.8,0,27,22,5
0,3,85,12,0,6,88,0,6,0,0,22.1,0,27,20,5
3,6,57,34,0,0,20,0,80,0,21.8,18.5,0,25.4,18,5
0,12,58,30,0,0,60,0,40,0,22.3,20.1,0,25,17.1,5
6,9,59,26,0,0,18,5,77,0,24.8,22.3,0,28.5,23,5
3,12,59,26,0,0,24,0,76,0,23,21.2,0,30,22,5
7.1,10.7,67.9,14.3,0,15.1,56.1,0,28.8,0,21.1,18.4,0,22.1,18.2,3
0,0,71.4,28.6,0,0,18.6,10.6,70.8,0,21.3,18.2,0,26,22,3
4,7,79,10,0,0,4.6,24.7,70.7,0,17.5,0,21,24,16.8,3
4,7,82,7,0,0,8.3,18.1,73.6,0,17.8,0,19.3,26,14,3
4,4,85,7,0,35,41,0,24,0,0,18.5,0,26,17.4,3
3.6,10.7,57.1,28.6,0,0,55,4,41,0,22.9,19.3,0,28,22,3
0,0,76,24,0,6,64,4,26,0,21.3,17.2,0,29.5,20.9,3
0,6,50,44,0,0,15,12,73,0,23.1,19.2,0,27.8,22.4,3
3,9,76,12,0,18,37,0,45,0,22.2,19.4,0,27,23,3
0,0,71,29,0,6,41,6,47,0,0,16.6,0,25,16,3
0,12,70,18,12,22,51,3,12,0,0,23.2,0,26.5,16.2,3
3,19,47,31,3,12,45,12,28,0,18.8,17.4,0,28.2,14.5,3
0,14,50,36,0,24,29,13,34,0,20.2,19.1,0,27.5,22.1,3
0,0,0,0,38,56,6,0,0,0,0,18.8,0,23.3,19.3,3
3.6,3.6,82.1,10.7,0,13.6,66.4,0,20,0,0,21.5,0,21,15.9,3
3.6,10.7,57,28.6,0,8.4,69.7,0,21.9,0,0,21.5,0,25,20,3
6.4,29.3,41.9,22.5,1.6,12.9,64.6,0,20.9,0,0,22.4,0,29.7,23,3
10.5,13.1,55.4,21,0,16.2,53.6,0,30.2,0,0,22,0,27.4,18.3,3
2,6,53,38,0,4,81,0,15,0,0,22.1,0,27.8,17,3
0,9,68,24,18,12,44,0,26,0,0,23,0,28.2,20.4,3
0,16,66,18,4,5,55,0,36,0,21.3,17.6,0,28.5,19,3
0,4,76,20,4,14,72,0,10,0,0,21.9,0,30,27,3
7.1,14.3,42.9,35.7,0,19.1,72.3,0,8.6,0,0,21.7,0,19,14.2,3
0,10.7,75,14.3,0,11.3,79,0,9.7,0,0,21.2,0,20,16.1,3
11.3,24.4,42.9,21.4,0,16.4,73.6,0,10,0,0,21.1,0,19,19,3
0,3.4,86.3,10.3,0,8.1,75,0,16.9,0,21.1,19.4,0,16,12.8,3
0,3.6,82.1,14.3,0,9.6,73.1,0,17.3,0,20.9,17.6,0,16.8,15.4,3
0,0,73.4,26.6,0,19.5,70.5,0,10,0,0,21.5,0,17.6,14.6,3
0,3.6,64.3,32.1,0,12.2,67.8,0,20,0,20.9,18.4,0,17.8,16.1,3
14.3,17.9,46.4,21.4,0,11.5,68.5,0,20,0,21.5,18,0,19,18.3,3
0,3.6,92.8,3.6,0,12.4,80.3,0,7.3,0,0,21.7,0,19.4,16,3
3.6,7.1,67.9,21.4,0,12.6,71.5,0,15.9,0,21.8,18.9,0,21.9,18.8,3
16.7,23.3,26.7,23.3,0,14.3,79.2,0,6.5,0,0,21.8,0,26,19.5,3
0,8.8,73.6,17.6,0,12,70,0,18,0,20.9,18.1,0,28,24,3
0,7.2,74.9,17.9,0,0,85,0,15,0,19.3,17.8,0,28,23.2,3
3,6,56,35,0,6,56,0,38,0,23.4,20.7,0,23.1,18,5
3,3,56,38,0,0,65,0,35,0,19.9,18.4,0,27.4,19,5
12,26,36,26,0,64,36,0,0,0,0,21,0,27.4,22,5
6,9,56,29,0,3,59,0,38,0,20.3,18.4,0,26,18,5
3,15,56,26,0,0,68,0,32,0,21.7,19.1,0,29.5,21,5
0,9,65,26,0,0,74,0,26,0,22.2,21.2,0,30.2,22.9,5
3,18,61,18,0,6,59,3,32,0,21.4,18.5,0,19.8,16.2,5
3,9,75,13,0,0,38,6,56,0,23.8,20.5,0,27,20.4,15
3,5,82,10,0,6,42,0,52,0,22.3,20.8,0,23.5,16,15
0,0,89,11,0,6,59,3,32,0,20.1,19.3,0,27.8,25.5,3
6,9,65,21,0,12.1,57.6,2.1,28.2,0,21.8,18.6,0,28.8,20,3
5.8,14.2,61.6,18.4,0,10.3,71,0,18.7,0,23.4,19.2,0,27.1,19,13
0,12,64,24,0,21,62,5,12,0,0,24.3,0,27.2,21.9,13
0,12,76,12,0,12,79,0,9,0,0,24.3,0,0,23.5,13
0,15,53,32,0,18,69,0,13,0,0,23.1,0,26.4,19.6,13
0,3,88,9,3,44,53,0,0,0,0,20.5,0,21.6,14.4,5
3,6,82,9,0,32,68,0,0,0,0,21.5,0,27.2,19.8,5
0,15,47,38,0,38,59,0,3,0,0,19.6,0,27.8,23.6,5
0,3,73,24,0,6,74,0,20,0,20.7,20,0,24.2,17.2,5
0,17.6,47.2,35.2,0,5.4,83.2,0,11.4,0,25.1,18.3,0,23.3,14,13
3,12,68,18,0,19,69,3,9,0,0,23.7,0,28.3,19,13
0,0,76,24,0,18,70,0,12,0,0,24.7,0,25.5,20.3,13
3,6,79,12,0,41,56,0,3,0,0,23.5,0,27.5,22.1,13
9,18,53,21,0,0,68,0,32,0,23.5,21.4,0,28.5,24,13
3,15,65,18,0,6,62,0,32,0,25.2,20.6,0,18.9,17,13
3,3,73,21,0,6,65,0,29,0,25.7,21.2,0,25.2,21.5,13
0,12,65,24,0,3,37,3,57,0,24.1,20.1,0,25.7,17.4,13
6,26,38,29,0,0,65,0,35,0,24.5,18.7,0,27.2,22.6,13
10,26,32,32,0,0,31,9,60,0,26.4,21.6,0,28.1,18.9,13
3,18,46,32,0,38,62,0,0,0,0,21.4,0,26.9,21.8,5
3,3,71,24,0,44,53,0,3,0,0,20.7,0,27.7,22,5
0,7.1,68,25,0,12.2,63.3,0,24.5,0,21.4,18.6,0,24,20,5
17.9,17.9,35.6,28.6,0,7.5,83,0,9.5,0,0,22.6,0,25,19.1,3
8.8,17.9,52.7,20.5,0,9,82,0,9,0,0,20.8,0,28,22.1,3
3.6,10.7,75,10.7,0,3,74.1,0,22.9,0,21.2,19.9,0,25,16.5,3
0,0,50,50,0,9.1,63.7,0,27.2,0,19.6,17.2,0,26.7,21.5,3
10.7,14.2,53.7,21.4,0,7.6,73.2,0,19.2,0,20.6,17.5,0,23.2,16.5,3
14.3,14.3,50,21.4,0,0,15.5,11.6,72.9,0,22,17.4,0,27.5,23,3
0,14.2,60.8,25,0,6.3,73.7,0,20,0,22.3,17.9,0,16.5,14.8,3
7,18,57,18,0,0,17.7,11.1,71.2,0,22.3,19.4,0,24,22,3
0,14,75,11,0,0,18.3,15.1,66.6,0,22.5,21.1,0,26,21.6,3
7.1,14.3,64.2,14.3,0,6.1,85.5,0,8.4,0,21.7,17.2,0,18.3,13.3,3
0,6,73,21,0,0,79,0,21,0,23,21.5,0,26,22.8,16
0,3,85,12,0,9,76,0,15,0,24.1,22,0,25.5,14,16
0,6,82,12,3,12,64,0,21,0,21.1,18.7,0,26.5,15,16
3,6,75,16,3,16,75,3,3,0,0,21.2,0,28.3,20.4,16
0,9,79,12,0,19,78,0,3,0,0,23.3,0,28,16,16
0,6,59,35,0,16,74,0,11,0,0,23.1,0,28,17.5,16
0,6,53,41,0,0,61,6,33,0,22.4,20.1,0,25,18,16
0,3,94,3,27,53,18,0,2,0,0,20.2,0,28.2,24.1,5
3,6,75,16,3,26,71,0,0,0,0,20.3,0,27.2,22,5
0,3,91,6,0,41,56,0,3,0,0,22.4,0,27,18,5
0,9,65,26,0,32,68,0,0,0,0,22,0,27.8,23.2,5
0,3,65,32,0,24,44,0,32,0,22,19.5,0,29.4,20.2,5
3,3,82,12,0,12,82,0,6,0,0,22.4,0,22,18,5
0,6,88,6,0,18,58,0,24,0,0,24.7,0,27.1,18,5
0,0,79,21,0,6,80,0,14,0,20.8,19.5,0,28.8,21,5
3,12,50,35,0,21,55,0,24,0,20.9,19.2,0,30,23,5
6,6,53,35,0,6,76,0,18,0,21.6,20,0,21.6,19.3,5
0,3,76,21,0,3,65,0,32,0,23,20.5,0,28,18.6,5
0,6,76,18,0,6,70,0,24,0,19.2,17.7,0,28,18.5,5
0,3,71,26,0,21,47,0,32,0,21.1,17.4,0,29,25,5
3,15,65,18,0,0,71,0,29,0,23.1,20.3,0,30.1,23.2,5
18,24,24,35,0,0,65,0,35,0,23.2,22.9,0,23,19.6,5
0,6,76,18,0,22,62,0,16,0,0,26.7,0,27.1,23,13
0,15,65,21,0,18,73,0,9,0,0,26.4,0,24.4,16.4,13
6,18,53,24,0,32,59,0,9,0,0,22.3,0,27.7,23,13
10.7,17.8,46.5,25,0,16.3,64.2,0,19.5,0,23,19.5,0,24,15.3,13
3,12,47,38,0,24,70,0,6,0,0,25.2,0,26,19,13
0,3,88,9,0,3,68,0,29,0,29.2,23.3,0,18,16.2,13
0,3,79,18,0,29,65,0,6,0,0,21.2,0,24.8,15,5
0,9,53,38,0,18,73,0,9,0,0,22.2,0,26.4,20.4,5
0,6,76,18,0,12,70,0,18,0,0,23.3,0,25,19.4,5
3,9,70,18,0,21,73,0,6,0,0,22.5,0,28.5,21,5
6,9,73,12,0,12,70,3,15,0,23.8,21.7,0,25,19.8,5
3,3,82,12,0,3,82,0,15,0,23.3,18.2,0,29.5,20,5
6,12,59,24,0,9,62,0,29,0,23.2,20.1,0,18,16,5
0,3,74,24,0,5,60,0,35,0,23.9,21.9,0,21.8,16.6,5
0,9,70,21,0,24,56,0,20,0,0,21,0,24.2,16.8,5
0,3,76,21,0,9,81,0,10,0,20,19.2,0,17.3,18.8,5
3,12,62,24,0,18,47,0,35,0,20.9,19.7,0,23.9,17.8,5
9,12,53,26,0,18,50,0,32,0,20.6,18.3,0,28.5,19.8,5
3,9,70,18,0,26,42,0,32,0,20.2,18.4,0,24,27.8,5
3,21,50,26,0,15,53,0,32,0,19.9,18.1,0,29.8,20.2,5
15,15,44,26,0,9,71,0,20,0,20.4,19.1,0,25.1,18.7,5
12,18,44,26,0,0,15,0,85,0,26,23.1,0,29.5,22.6,15
15,17,42,26,0,0,12,0,88,0,26.1,24.8,0,29.3,19.6,15
41,24,15,21,0,0,6,3,91,0,28.3,25.5,0,30,19.9,15
11,14,36,39,3,21,59,0,17,0,18.8,17.6,0,25,18.7,3
0,3,74,24,0,12,65,8,15,0,21.3,19.1,0,29,25,3
0,9,68,24,0,5,59.5,0,35.5,0,21.9,18.8,0,24,16.9,3
0,3,76,21,0,21,79,0,0,0,0,21.5,0,17.5,13.9,18
0,3,79,15,0,27,70,0,3,0,0,23.1,0,24.2,17.6,18
3,12,71,15,0,21,76,0,3,0,0,21.8,0,28.1,24.3,18
3,6,74,18,0,29,65,0,6,0,0,21,0,25,18.6,18
0,3,85,12,0,26,71,0,3,0,0,23.2,0,28.7,23.2,18
0,6,61,33,0,6,88,0,6,0,19.9,18,0,23.4,17.8,18
5,9,65,21,0,9,85,0,6,0,0,20.9,0,29.6,22,18
3,12,44,41,0,19,78,0,3,0,0,20,0,30.2,20.4,18
3,3,79,15,0,29,71,0,0,0,0,21.4,0,21.1,15.6,18
6,12,50,32,0,12,73,0,15,0,23.4,21.1,0,22.8,18.4,18
3,17,50,30,0,9,82,0,9,0,0,21.3,0,22.9,19.6,18
0,3,76,21,0,6,85,0,9,0,22.5,20.3,0,20.8,15,18
11,15,56,18,0,15,76,0,9,0,0,21.1,0,27.2,21.7,18
8,13,59,20,0,0,88,0,12,0,23.1,22.1,0,27,25,18
10,12,63,15,0,18,79,0,3,0,0,21.3,0,28.6,19,18
6,18,50,26,0,0,14.9,4.9,80.2,0,24,18.4,0,22.3,18.1,2
0,20,59,21,0,11,29,26,34,0,22.5,19.1,0,27,22.6,2
3,22,44,31,0,0,12,35,53,0,20.6,0,22.4,25,15,2
0,19,56,26,0,3,19,44,34,0,20.3,17.7,0,28.6,24.5,2
12,15,56,18,0,0,0,87,13,0,21.6,0,26.6,20,17.8,2
6,18,55,21,0,0,0,74,26,0,22.4,0,26.6,25.7,17.6,2
0,9,73,18,0,20,70,0,10,0,0,23.1,0,22,18,5
0,3,56,41,0,0,74,0,26,0,21.5,19.8,0,19,17,15
0,12,50,38,0,0,29,6,65,0,24.5,21.7,0,25.2,21,15
0,9,70,21,0,0,32,12,56,0,23.3,19.6,0,29,16.6,15
3,6,65,26,0,0,26,0,74,0,23.6,19.5,0,26.7,22.8,15
0,0,70.9,16.6,0,18,79,0,3,0,0,26.1,0,27,23,3
0,3,65,32,0,0,12,6,82,0,24,21.8,0,0,16,16
3,15,43,39,0,0,6,15,79,0,22.8,0,24.4,26.5,16.5,16
0,6,68,26,0,0,3,9,88,0,17.7,0,25.5,21,17,16
0,10.7,64.3,25,1,9.8,87.8,0,1.4,0,0,22,0,28.7,25.5,3
7.2,14.3,57.1,21.4,1.4,13.6,80.9,0,4.1,0,0,19.6,0,27.5,22.2,3
3.5,10.7,60.8,25,1.7,24.8,58,0,15.5,0,0,20.4,0,28,21,3
17.9,17.9,39.2,25,3.8,90.4,5.8,0,0,0,0,19.3,0,26.8,23,3
0,3.8,77,19.2,0,3,97,0,0,0,0,21.5,0,27,13,3
7,14,61,18,0,29.2,62.5,0,8.3,0,0,22.6,0,26,19,5
0,6,74,21,0,39,58,0,3,0,0,23.7,0,27.3,21,5
0,9,64,27,3,33,64,0,0,0,0,21.9,0,27,22.2,5
0,0,74,26,0,38,62,0,0,0,0,20.8,0,27.5,16.2,5
0,6,68,26,0,24,76,0,0,0,0,21.6,0,25.5,17.2,5
0,3,71,26,0,21,79,0,0,0,0,23.5,0,27.4,17.9,5
0,0,96.4,3.6,2.5,72.2,25.3,0,0,0,0,20.2,0,28,18,3
0,10.7,67.9,21.4,0,13.7,73.8,0,12.5,0,0,21.4,0,25.3,17.3,3
10.7,14.3,50,25,0,13,68.5,0,18.5,0,0,22.5,0,27,23,3
0,10.7,67.9,21.4,0,18,67,0,15,0,0,19.9,0,19.4,17,3
0,7.1,60.8,32.1,0.6,16.4,73,0,10,0,0,17.7,0,18.5,18,3
0,3.3,86.7,10,0,14.9,69.7,0,15.4,0,19.5,23.3,0,23,20,3
0,7.1,67.9,25,0,0,41,0,59,0,19.2,18.4,0,28,22,3
3.6,7.1,67.9,21.4,0,10.5,59.2,0,30.3,0,23.5,18,0,26,22.7,3
15,50,9,26,0,3,74,0,23,0,21.5,18.3,0,30.8,23.2,18
0,6,74,21,0,0,80,0,20,0,22.2,22,0,25.8,17.5,16
3,6,82,9,0,6,50,12,32,0,23.2,20.8,0,27.1,18.1,16
0,9,76,15,0,6,82,3,9,0,24.3,21,0,27.4,21,16
0,6,85,9,0,6,84,0,10,0,23.3,21.7,0,27.1,23,16
0,3,65,32,0,0,0,6,94,0,23.6,0,24.5,25.2,18.9,16
0,6,76,18,0,3,24,0,73,0,23,21.4,0,26.2,17.6,16
0,18,61,21,0,0,0,47,53,0,22.1,0,24.8,26.2,19.1,16
3,9,67,21,9,28,59,0,4,0,0,21.2,0,27.4,21.6,5
0,3,71,26,0,35,62,0,3,0,0,19.1,0,27.4,19.6,5
0,0,71,29,0,44,53,0,3,0,0,22,0,24.5,15.2,5
5,7,78,10,0,0,10,9,81,0,24,22.2,0,29.5,18.9,15
0,7.1,75,17.9,0,10.1,70.7,0,19.2,0,20.2,18.3,0,28,18,5
0,3,76,21,3,26,71,0,0,0,0,21.1,0,27.5,16,5
0,12,65,24,3,44,53,0,0,0,0,22.4,0,26.9,21,5
6,9,61,24,0,24,76,0,0,0,0,20.9,0,27.8,23.2,5
0,3,71,26,0,35,62,0,3,0,0,24.7,0,27.5,23.4,13
3,6,82,9,0,19,62,6,13,0,0,23.1,0,27.5,20.8,13
0,3,88,9,0,14,64,3,19,0,27.9,21.3,0,27.4,22.6,13
3,15,55,27,0,3,39,0,58,0,22.2,20.8,0,28.5,16.2,13
0,6,76,18,0,9,44,3,44,0,24.8,21.4,0,25.8,21,13
0,6,71,21,0,21,70,0,9,0,0,23.2,0,26.2,18.4,5
0,6,70,24,0,21,70,0,9,0,0,21.1,0,26.7,18.9,5
0,0,89.3,10.7,3.6,77.4,19,0,0,0,0,21.9,0,28.5,18.8,14
7.1,7.1,67.9,17.9,0,19.8,74.1,0,6.1,0,0,24.4,0,28,19,14
10.7,10.7,50.1,28.5,0,22,73.4,0,4.6,0,0,21.7,0,27.5,19,14
0,7.1,85.8,7.1,0,30,60,0,10,0,0,20.1,0,28,21.7,14
0,6,68,26,9,35,56,0,0,0,0,22.2,0,30,25.2,14
0,3,78,18,9,25,58,0,8,0,0,22.5,0,28,25,14
0,3,76,21,0,18,76,0,6,0,0,23.8,0,27.5,23.4,14
0,9,79,12,0,18,79,0,3,0,0,22.2,0,27.5,18.7,14
0,3.6,82.1,14.3,11.3,73.2,15.5,0,0,0,0,22.6,0,28.5,21,11
0,0,88,12,6,26,44,0,24,0,0,22.1,0,30.1,22,11
0,6,82,12,0,15,73,3,9,0,0,24.1,0,27.3,24.8,11
8.8,8.8,53,29.4,5.9,15.6,70.8,0,7.7,0,0,26.1,0,24.1,15,11
0,3,91,6,0,18,79,0,3,0,0,25.5,0,27.5,20.9,13
0,3,74,23,0,3,59,9,29,0,26.2,23.6,0,27.4,17,13
0,6,71,24,0,3,62,0,35,0,24,21,0,28.7,25,5
0,6,85,9,0,15,59,0,26,0,21.1,19.2,0,21,18.1,5
3,23,42,32,0,18,62,0,20,0,0,20.5,0,27.5,18.9,5
7.1,10.7,46.5,35.7,0,4.7,78.9,0,16.4,0,21.6,17.7,0,27,19.8,3
14.2,14.2,43.1,28.5,0,0,12.6,33.2,54.2,0,19.5,0,22.9,20.2,18.7,3
7,7,75,11,0,0,8,16.9,75.1,0,19.4,0,20.6,26,19,3
7,3,80,10,0,12,65,0,23,0,19.9,17.9,0,24,18.1,3
10.7,32.1,18,39.2,0,7.4,65.8,0,26.8,0,22.8,20.2,0,18,15,13
7,11,57,25,0,0,74.9,0,25,0,22.8,17.6,0,25,14,13
11.7,17.6,38.2,32.5,0,2.9,80.9,0,16.2,0,25.4,18.2,0,23.4,17,13
0,16,52,32,3,18,76,0,3,0,0,23.1,0,28,24.9,13
20,33.5,10.8,35.7,0,13.7,82.2,0,4.1,0,0,21.6,0,20,17.5,14
20,22.8,18.8,38.4,0,10,79.5,0,10.5,0,0,22.6,0,27,22.9,14
20,30,17.3,32.7,0,17.3,78.2,0,4.5,0,0,22,0,27,19,14
3.5,10.7,71.6,14.2,0,10.1,80.1,0,9.8,0,0,24,0,27,19.9,11
3,6,67,24,0,0,12,3,85,0,25.7,20.6,0,29.6,19.5,15
0,6,85,9,0,29,68,0,3,0,0,22.7,0,26.2,17.8,5
0,3,88,9,0,47,50,0,3,0,0,22.6,0,27.5,22,5
0,3,76,21,0,12,79,0,9,0,0,22.3,0,25.1,17.8,5
0,10.7,78.6,10.7,0,19.5,64.4,0,16.1,0,0,20,0,238,16.1,3
0,3.6,92.8,3.6,0,19.3,60.7,0,20,0,0,19.7,0,25,23.3,3
7.1,7.2,75,10.7,12.4,58,29.6,0,0,0,0,23,0,19,14,5
0,0,86,14,0,8.8,81.6,0,9.6,0,0,20.8,0,24,17,5
0,10.7,71.5,17.8,0,7,74.8,0,18.2,0,21.2,19.5,0,29.5,22,5
0,0,78.6,21.4,0,12,70,0,18,0,21.9,18.6,0,29.5,23,5
0,8,77,15,18,26,53,0,3,0,0,23,0,27.5,22,5
0,3,91,6,9,32,56,0,3,0,0,23.3,0,25.1,20.8,5
0,6,76,18,12,26,56,0,6,0,0,23.9,0,25,16,5
0,6,82,12,0,24,73,0,3,0,0,21.6,0,25.5,20.1,5
0,0,94,6,0,4,70,0,26,0,24.5,22.9,0,21.7,19,15
0,3,91,6,0,0,24,0,76,0,23.8,22.5,0,27.8,22.3,15
3,6,79,12,0,0,39,3,58,0,22,20.5,0,28.4,20.3,15
0,3,91,6,0,0,26,0,74,0,25.2,22.2,0,29.2,20.8,15
0,6,85,9,0,0,24,0,76,0,25.1,22.1,0,20.3,17.1,15
3,10,79,7,12,26,52,1,9,0,0,21.4,0,30,26.9,3
0,21.4,46.5,32.1,1.9,20.1,60.8,0,17.2,0,0,22.3,0,26,16.9,3
0,0,94,6,6,15,73,0,6,0,0,21.4,0,30,24,3
3.6,14.3,64.2,17.9,0,8.3,67.7,0,24,0,21.7,18.3,0,20,17.1,3
10.7,17.9,53.5,17.9,0,14.2,68.8,0,17,0,23.6,18.7,0,19,17,3
0,0,100,0,6,6,73,0,15,0,0,21.9,0,22,17.3,3
3,12.1,66.8,18.1,0,6.5,78.8,0,14.7,0,0,24.3,0,24.2,16,13
0,3,88,9,0,0,65,0,35,0,26.1,21,0,24.4,18,13
6,18,44,32,0,0,29,9,62,0,24.3,21.2,0,24,19,13
3,3,85,9,0,24,55,3,18,0,0,24.8,0,18,15,13
8,13,58,21,0,0,32,0,68,0,26.2,22.8,0,5.3,6,13
0,3.6,89.3,7.1,15,21,61,0,3,0,0,19.7,0,23.2,22,12
0,3,89,8,0,0,15,26,59,0,19.8,0,23.4,30.9,18.8,2
0,0,91,9,3,15,35,0,47,0,23.3,20.8,0,27.5,18,2
0,10.7,75,14.3,6,50,44,0,0,0,0,21.4,0,26.9,18,5
0,3,91,6,18,44,38,0,0,0,0,20.7,0,25,14,5
3,6,76,15,3,38,56,0,3,0,0,22.5,0,28,16,5
0,3,79,18,3,53,38,0,6,0,0,21.2,0,24.5,15,5
0,3,76,21,0,24,76,0,0,0,0,20.3,0,28,18.5,5
3,6,82,9,3,32,65,0,0,0,0,20.5,0,23,13.6,5
3,3,79,15,0,24,76,0,0,0,0,21,0,27.6,16.4,5
3,6,68,23,0,9.4,73.5,0,17.1,0,22.8,20.7,0,24.2,16,5
0,3,88,9,0,18,76,0,6,0,0,20.1,0,24.5,16.7,5
0,9,68,24,0,0,82,0,18,0,21.8,20.5,0,24,19.2,5
0,3,74,24,0,12,59,0,29,0,21.5,19.7,0,24,19.2,5
0,3,76,21,0,3,94,0,3,0,21,19.2,0,18,15,5
0,3,58,39,0,3,87,0,10,0,21.6,19.9,0,20,16,5
0,3,79,18,0,26,70,0,4,0,0,22.9,0,22.7,16.9,5
0,3,88,9,0,21,70,0,9,0,0,21.6,0,21.5,16.2,5
0,6,76,8,0,21,65,0,14,0,0,22.7,0,26.5,17.9,5
0,6,78,16,0,6,84,0,10,0,21.6,20.6,0,26.5,18,5
3,6,68,24,0,6,74,0,20,0,21.8,20.3,0,24.9,16,5
0,3,82,15,0,0,68,3,29,0,22,20.5,0,26.5,17.2,5
0,3,85,12,0,15,85,0,0,0,0,23.8,0,26.4,16.5,5
0,3,81,16,0,0,18,3,79,0,26.9,26,0,18.5,15.5,15
3,6,82,9,0,0,14,15,71,0,24,0,25.8,21.9,17.9,15
3,6,82,9,0,0,12,15,73,0,23.3,0,26.5,21,20,15
0,3,85,12,0,0,35,9,56,0,22.2,21.9,0,24,14.9,15
0,10.7,78.6,10.7,0,13.5,79.1,0,7.4,0,0,20.8,0,20,18.7,3
0,10.7,78.6,10.7,0,16.9,64.3,0,18.8,0,18.2,21.8,0,21,18.5,3
0,14.2,60.8,25,0,9.5,81.5,0,9,0,18.1,23.8,0,23,17.6,3
10.7,10.7,60.7,17.9,0,12.4,77.6,0,10,0,0,21,0,17.4,13.8,3
10.7,10.7,64.3,14.3,3.5,12.4,65.6,0,18.5,0,0,21.7,0,17,14.4,3
0,0,82.1,17.9,3,6,82,0,9,0,0,22.1,0,28,19.9,3
0,17.8,53.7,28.5,0,0,8.6,4.5,86.9,0,19.1,0,21.2,23.6,16.8,3
14.3,17.9,46.4,21.4,5.5,26.2,54,0,14.3,0,0,21.6,0,17,14.4,6
0,0,89.3,10.7,0,24,69,0,7,0,0,21.9,0,24.6,17,6
0,3.1,86.2,10.7,0,11.6,71.7,0,16.7,0,23.1,19.6,0,26,14.7,6
6,9,74,12,7,18,69,0,6,0,0,23.8,0,28,16,13
3.6,7.1,71.4,17.9,0,10.4,80.9,0,8.7,0,0,23.8,0,24.5,17,5
0,14.2,64.4,21.4,3.5,82.1,14.4,0,0,0,0,22.5,0,27.8,20,5
0,6,82,12,9,21,67,0,3,0,0,21.9,0,26,18,5
0,3.5,75.1,21.4,0,8.8,74.1,0,17.1,0,21.9,18.7,0,17.2,15.6,5
0,4,79,18,6,21,70,0,3,0,0,21.5,0,20,16.4,5
0,4,75,21,0,12,88,0,0,0,0,20.1,0,27.3,25,5
0,8,75,17,0,11,58,4,27,0,0,23.2,0,26.5,23,3
0,7,71,21,0,5.2,76.1,0,18.7,0,21.1,19.7,0,27,17,5
0,3.5,75.1,21.4,0,6.2,73.6,0,20.2,0,0,21.8,0,20,17,5
3,6,76,15,0,0,0,44,56,0,18.9,0,21.7,28.5,21,2
3,9,67,21,0,0,3,47,50,0,21.6,0,22.3,29.5,20.2,2
6,18,55,21,0,0,0,58,42,0,20.1,0,23.2,23.6,18.3,2
15,15,44,26,0,0,0,71,29,0,20.2,0,23.9,29.8,20,2
3,3,88,6,0,0,0,30,70,0,18.8,0,22.2,29.8,22.5,2
0,0,85,15,0,21,69,0,10,0,0,22.9,0,27.8,22,5
0,0,79,21,0,6,85,0,9,0,0,22.3,0,28.9,20.8,5
3,3,82,12,0,15,79,0,6,0,0,23.9,0,29.6,19.9,5
0,3,88,9,0,0,62,0,38,0,21.2,20,0,23.6,18,5
0,3,82,15,0,6,76,0,18,0,22.2,21.9,0,29.5,20,5
3,3,85,9,0,3,47,0,50,0,22.5,21.2,0,29.8,22.4,5
0,6,79,15,0,15,79,0,6,0,0,24.4,0,30.1,24.5,5
6,15,47,32,0,6,74,0,20,0,21.9,19.5,0,19.4,16,5
3,6,73,18,0,0,24,10,66,0,22,21.5,0,30,21,15
7,10,68,15,0,3,88,0,9,0,24,21.6,0,31.6,18.6,15
3,9,71,18,0,0,0,6,94,0,23.1,0,24.2,32.6,23.8,15
3,15,58,24,0,0,3,3,94,0,23.2,22,0,32.4,22.6,15
3,6,53,38,0,0,13,0,87,0,22.4,21,0,30.5,20.2,15
0,6,65,29,0,0,9,9,82,0,23.8,22.6,0,30,18.9,15
3,19,35,43,0,0,0,20,80,0,20.8,0,22,30.1,20,15
0,3,59,38,0,0,61,0,39,0,19.7,18.2,0,27.2,18.6,16
6,9,70,15,0,0,0,79,21,0,21.5,0,24.9,28.1,23,2
4,7,75,14,6,32,59,0,3,0,0,21.1,0,24.3,21.6,5
0,0,93,7,0,10.6,80.1,0,9.3,0,0,22.6,0,28.1,24.6,5
3,21,41,35,0,15,75,0,10,0,0,22.7,0,30.5,24,5
10.7,17.8,43,28.5,8,36,56,0,0,0,0,22.1,0,27,18,5
0,6,85,9,6,38,56,0,0,0,0,23.1,0,27.5,18,5
2.9,2.9,73.7,20.5,0,15.2,67,0,17.8,0,0,22,0,25,19,5
0,9,76,15,12,26,53,0,9,0,0,21.1,0,26.4,20.4,5
0,12,74,15,9,21,61,0,9,0,0,23.9,0,21,15,5
0,6,85,9,6,40,47,0,7,0,0,21.1,0,25.5,16,5
0,12,67,21,19,48,30,0,3,0,0,19.7,0,28,20,5
0,10.7,71.5,17.8,0,14.8,71.6,0,13.6,0,0,23,0,27,20.8,5
3,15,44,38,0,21,65,8,6,0,0,23.9,0,26.2,19,5
9,24,43,24,0,0,6,15,79,0,22.5,0,25.7,27.9,18.9,15
30,32,18,21,0,0,0,41,59,0,23.1,0,24.5,33,23.1,15
15,24,35,26,0,0,6,20,74,0,22.3,0,25.3,30,16.7,15
53,24,6,18,0,0,6,6,88,0,26.3,24,0,31,23.4,15
47,35,9,9,0,0,18,29,53,0,26.1,23.2,0,31.1,23.6,15
0,7.1,85.8,7.1,1.3,13.3,65.4,0,20,0,21.6,19.9,0,20.1,18,3
0,18.5,55.6,25.9,0,13.1,72,0,14.9,0,21.1,19.3,0,19,18.1,3
0,17.8,49.9,32.1,0,15.8,59.7,0,24.5,0,20.1,21,0,20,18.2,3
0,0,85.2,14.8,0,8.1,81.9,0,10,0,19.2,21.5,0,21,19,3
7.1,10.7,60.8,21.4,0,5.8,79.7,0,14.5,0,21.5,18.8,0,16.9,14.5,3
3.6,3.6,71.4,21.4,0,7.4,76.5,0,16.1,0,0,21.6,0,19.6,17.3,3
0,7.1,57.2,35.7,0,20.4,52.8,0,26.8,0,21.1,18.8,0,19.8,17.1,3
0,19.2,57.8,23,0,5.2,76.1,0,18.7,0,21.7,19.8,0,19.2,11.3,3
0,21.4,57.2,21.4,0,71,29,0,0,0,0,22.8,0,24,14.2,3
7.1,10.7,53.7,28.5,0,0,62,0,38,0,23,19.8,0,21.2,20.7,3
0,7.2,67.8,25,0,2.3,31.4,0.6,65.7,0,24,18.8,0,27,23.5,3
0,0,96.4,3.6,0,24,69,0,7,0,0,21.2,0,24.6,23.1,3
0,3.6,78.5,17.9,0,0,0,20.1,79.9,0,22.5,0,23.8,26.2,21.8,3
3,12,62,24,0,0,65,0,35,0,23.9,19.9,0,21.2,19.2,16
6,9,68,18,0,3,26,6,65,0,24,21.3,0,27.7,22.9,16
0,3,82,15,19,28,46,0,7,0,0,20.2,0,28,22,5
3,6,65,26,0,42,55,0,3,0,0,23,0,28,16,5
0,11,74,15,0,18,79,0,3,0,0,22.7,0,26,18,5
0,3,81,16,0,35,62,0,3,0,0,22.5,0,27.8,19,5
3,21,53,24,0,6,68,0,26,0,20.8,18.4,0,27.8,19,5
0,9,50,41,0,12,70,0,18,0,22.2,19.1,0,26.8,20.9,5
9,9,47,35,0,6,65,0,29,0,22.4,21.2,0,21,18,5
0,6,71,23,0,13,77,0,10,0,0,21.2,0,24.9,20,5
0,0,77,23,0,21,73,0,6,0,0,26.5,0,26.8,19.6,13
0,3,91,6,0,32,45,6,17,0,0,28.5,0,27.7,19.5,13
0,3,77,16,0,21,50,3,26,0,26.3,21.6,0,27.7,20.4,2
0,0,79,21,0,0,15,40,45,0,20.4,0,24.6,26.8,20.5,2
0,6,88,6,0,0,6,62,32,0,22.6,0,24.5,21,17.5,2
3,3,79,15,0,12,58,0,30,0,23.2,19.1,0,27.6,18,5
3,3,88,6,0,21,61,0,18,0,0,22.4,0,26.9,18.1,5
0,0,94,6,0,3,68,3,26,0,22.5,20.1,0,29.5,21,5
0,6,82,12,0,3,68,0,29,0,21.9,20.5,0,29.8,25,5
0,6,88,6,0,3,61,0,36,0,22.8,20.2,0,29,21.5,5
6,18,53,24,0,6,54,0,40,0,22.3,19.5,0,28.8,17.7,5
3,9,68,21,0,0,53,6,41,0,21.8,20.7,0,31.1,20.6,5
0,0,82,18,0,6,56,3,35,0,22.2,20.5,0,34,17.6,5
3,3,62,32,0,47,53,0,0,0,0,22,0,25.2,17,5
0,0,97,3,0,8,30,0,62,0,21.5,20.9,0,28,19.5,15
0,3,94,3,0,0,42,0,58,0,22.7,19.2,0,26.6,20,15
0,3,91,6,0,0,35,0,65,0,22.8,22.1,0,28.5,20.1,15
0,3,91,6,0,0,47,0,53,0,22.1,21.3,0,28.4,22.8,15
3,6,76,15,0,0,9,9,82,0,22.8,22.6,0,31.4,20,15
3,6,82,9,0,3,26,15,56,0,24.6,21.6,0,25.1,17,15
0,3.5,89.4,7.1,6,18,70,0,6,0,0,21,0,24,23,3
0,10.7,78.6,10.7,0,15,65,7.3,12.7,0,0,23.2,0,28.3,21.1,3
3,6,85,6,0,3,44,3,50,0,21.1,19.4,0,28,20.1,16
3,6,65,26,0,0,47,0,53,0,21.9,19,0,26.9,21.8,16
0,0,97,3,0,3,38,3,56,0,23.3,22.5,0,30.3,19.6,16
0,15,61,24,0,44,56,0,0,0,0,19.9,0,21.7,16,5
3,12,51,34,0,41,56,0,3,0,0,18.8,0,27.5,23,5
6,12,65,18,3,50,47,0,0,0,0,21,0,21.1,15,5
0,3,76,21,0,3,59,0,38,0,26.1,17.8,0,18.5,15.7,5
0,3,59,38,0,0,60,0,40,0,23.2,20.1,0,22,18,5
3,21,44,32,0,0,48,0,52,0,21.6,20.8,0,20.5,18.9,5
0,14,62,24,0,0,35,0,65,0,22.7,20.6,0,0,26.9,5
0,3,65,26,0,0,68,0,32,0,32.2,19.3,0,20,19,5
3,12,56,29,0,6,75,0,19,0,0,21.6,0,27.5,23,5
10.7,28.6,28.6,32.1,0,12.1,71.3,0,16.6,0,0,20.6,0,22,19,3
7.1,17.8,46,28.5,0,0,84.4,0,15.6,0,20.7,17.4,0,28.5,23,3
7.1,10.7,57.2,25,0,12.5,81.9,0,5.6,0,0,21.1,0,18.9,16,3
10.7,17.9,42.8,28.6,2.9,11.7,67,0,18.4,0,0,18.9,0,25,17,3
10.7,10.7,64.3,14.3,3.3,19,63.6,0,14.4,0,0,21.6,0,19.9,15.1,3
7.1,28.6,35.7,28.6,2.5,16.3,73.3,0,7.9,0,0,21.3,0,25,17.8,3
0,0,82.1,17.9,0,10.8,79.2,0,10,0,0,21.6,0,19.5,16,3
3.6,10.7,53.6,32.1,0,0,7,13,80,0,17.6,0,21.7,28,24.5,3
7.1,14.3,64.3,14.3,0,10.4,79.6,0,10,0,0,18.8,0,19.6,12.1,3
3.5,14.2,53.8,28.5,0,16.1,68.6,0,15.3,0,0,20.2,0,27,17,3
10.7,17.8,46.5,25,0,0,14.1,16.3,69.6,0,18.4,0,20.8,24,18,3
0,7,71,21,0,0,0,75.4,24.6,0,18.7,0,20.5,26,22,3
7,25,39,29,18.3,68.9,12.8,0,0,0,0,21.2,0,26,18,5
12,22,42,24,0,53,44,0,3,0,0,20.7,0,26.8,17,5
0,3,71,26,0,35,62,0,3,0,0,21.5,0,23.6,17,5
0,0,91,9,0,21,76,0,3,0,0,22,0,28.3,20.9,5
3,15,61,21,0,0,91,0,9,0,21.9,20.1,0,28.5,23,5
0,9,68,24,0,9,71,0,20,0,19.6,18.8,0,24.6,20.4,5
0,3,83,14,0,12,70,0,18,0,21.7,20,0,18.5,16.8,5
3,3,79,15,0,18,79,0,3,0,0,22.4,0,25.7,21,5
0,6,82,12,0,21,73,0,6,0,0,23.4,0,25.4,20.2,5
0,6.7,83.3,10,0,7,77.9,0,15.1,0,21.9,18.8,0,17.2,11.6,3
7.1,10.7,64.3,17.9,0,9.3,77.9,0,12.8,0,0,21.8,0,19.8,16.3,3
3.6,10.7,67.8,17.9,0,4.5,85.5,0,10,0,21.6,18.5,0,24.3,19,3
3.6,21.4,53.6,21.4,0,0,7.8,23.6,68.6,0,17.5,0,21.3,27,19,3
3.1,10.7,68.3,17.9,0,2.6,78.2,0,19.2,0,22.4,19.4,0,22.2,20.4,3
3.1,7.1,82.7,7.1,0,0,9,63.4,27.6,0,18.5,0,20.3,22,21.3,3
7.1,10.7,64.3,17.9,0,4.7,81.8,0,13.5,0,21,19.4,0,17,13.4,3
0,3.5,64.4,32.1,0,8.6,82,0,9.4,0,0,20.8,0,18.7,14,3
3.5,7.1,57.3,32.1,0,2.9,84.7,0,12.4,0,21.1,18.9,0,24.8,18.5,3
0,10.7,67.9,21.4,0,3.3,79.9,0,16.8,0,21.9,18.7,0,28.2,20,3
0,14.2,57.3,28.5,0,5.3,64.6,0,30.1,0,20.1,17.5,0,28,22,3
3.6,7.1,57.2,32.1,0,5.6,64.4,0,30,0,20.9,18.8,0,28.2,22,3
0,10.7,53.6,35.7,0,5.2,69,0,25.8,0,21.8,18.9,0,28.3,22,3
0,6,85,9,3,76,21,0,0,0,0,24.2,0,22,19,5
0,6,68,26,3,51,37,0,9,0,0,22.7,0,24.8,16,5
0,0,79,21,3,65,32,0,0,0,0,23.4,0,21.5,18.9,5
0,0,79,21,0,41,53,0,6,0,0,22.5,0,26.1,18,5
0,6,85,9,0,47,53,0,0,0,0,23.3,0,27.5,23.2,5
0,6,70,24,0,44,53,0,3,0,0,21.2,0,27.3,24.3,5
3,9,59,29,0,3,72,0,25,0,20.7,18.4,0,25.5,17.6,5
0,3,91,6,0,12,82,0,6,0,0,19.8,0,18,16,5
0,12,74,15,0,21,76,0,3,0,0,21.2,0,18.6,16.2,5
3,6,59,32,0,6,76,0,18,0,22.5,21.1,0,25,18.2,5
6,12,62,20,0,18,50,0,32,0,21.4,18,0,25.8,19.9,5
0,3,91,6,0,6,85,0,9,0,24.1,18.4,0,18.2,15.3,15
0,3,91,6,0,0,71,3,26,0,23.8,18.8,0,18.6,16,15
0,3,76,21,0,15,85,0,0,0,0,21.5,0,23.5,16.6,18
0,3,85,12,0,27,73,0,0,0,0,20.6,0,28.3,20.2,18
3,6,82,9,0,9,85,0,6,0,0,17.8,0,28.8,20.1,18
0,3,85,12,0,3,76,0,21,0,21.4,17.6,0,30.1,23,15
0,6,82,12,0,3,56,0,41,0,23.6,17.1,0,20.6,18.4,15
0,3,88,9,0,0,53,6,41,0,26.9,21.5,0,24,20,15
3,15,61,21,0,3,53,9,35,0,22.8,19.2,26.7,23,20.9,15
3,3,85,9,0,0,53,3,44,0,21.7,19.7,0,20.8,16.4,15
0,0,79,21,12,26,53,0,9,0,0,23.7,0,29,24.6,5
0,0,89.3,10.7,0,4.6,85.4,0,10,0,20.7,19.5,0,27.9,23.9,5
0,0,78,22,0,13,84,0,3,0,0,23.8,0,26.1,18,5
0,0,75,25,0.7,16.5,64.7,0,18.1,0,0,23.5,0,28,27,3
0,3.6,85.7,10.7,0,17.9,76.3,0,5.8,0,0,22.5,0,19.4,17.3,3
5.8,14.7,64.8,14.7,0,8.8,72.3,0,18.9,0,0,22.3,0,24,18.5,5
0,3,88,9,16,45,39,0,0,0,0,22.1,0,27,22,5
0,0,77,23,3,38,56,0,3,0,0,22.1,0,23.1,19.4,5
0,3,91,6,0,26,74,0,0,0,0,22.7,0,27.2,21.4,5
0,3,76,21,0,6.3,83.8,0,9.9,0,0,21.8,0,24,20,5
0,9,76,15,0,9,71,0,20,0,22.9,21,0,26.2,19.7,5
0,3,88,9,0,9,71,0,20,0,19.9,18.5,0,19,17,5
3,15,56,26,0,0,74,0,26,0,21.5,19.9,0,22,18,5
0,3,91,6,0,3,65,0,32,0,21.4,19.3,0,24.6,19.2,5
0,3,91,6,0,9,81,0,10,0,0,22.7,0,27.1,22,5
0,3,76,21,3,65,32,0,0,0,0,22.1,0,22.8,19.2,5
0,3,88,9,0,33,67,0,0,0,0,20.6,0,27.3,24.2,5
0,0,79,21,0,44,53,0,3,0,0,23.2,0,23.1,17.5,5
0,0,88,12,0,33,67,0,0,0,0,19.4,0,27.8,20.6,5
2.9,11.7,56,29.4,0,4.3,79.8,0,15.9,0,21,19.5,0,21.2,18.5,5
0,18,44,38,39,35,26,0,0,0,0,18.8,0,28,245,5
0,3,71,26,0,23,74,0,3,0,0,20.6,0,23.6,18.2,5
0,15,65,21,3,32,65,0,0,0,0,20.6,0,27.7,22.5,5
0,15,53,32,0,41,59,0,0,0,0,20.6,0,26.1,18.7,5
3,21,47,29,0,42,58,0,0,0,0,21.4,0,27,19.5,5
0,12,74,14,0,44,56,0,0,0,0,20.5,0,23.7,15,5
3,3,82,12,0,31,69,0,0,0,0,19.8,0,27.2,22,5
7.1,28.5,18,46.4,0,6.4,74.6,0,19,0,20.5,18.5,0,24.3,20,5
6,29,32,32,0,15,52,4,29,0,20.3,18.7,0,27.8,24,5
0,6,74,21,0,6,65,0,29,0,22,21.8,0,18.2,15,5
3,18,44,35,0,0,80,3,17,0,22.4,20.9,0,22.1,19,5
3.5,14.2,60.9,21.4,0,10.4,79.6,0,10,0,0,21.5,0,21,16.1,3
0,21.4,50.1,28.5,0,6.4,74.7,0,18.9,0,0,21.7,0,27,19.1,3
3.6,10.7,71.4,14.3,0,12.4,77.9,0,9.7,0,0,21.6,0,25,17.8,3
2.9,20.6,52.9,23.6,0,6,76,0,18,0,0,22.2,0,23.4,21.7,3
7.1,10.7,60.8,21.4,0,10.2,81.9,0,7.9,0,0,21.5,0,20.1,16.9,3
3.6,3.6,78.5,14.3,0,6.3,73.7,0,20,0,21.4,16.8,0,28,20.3,3
3.6,7.1,75,14.3,0,7.1,72.9,0,20,0,21,17.6,0,25.3,14.4,3
7.1,10.7,53.7,28.5,0,9.5,77.4,0,13.1,0,21.2,18.4,0,25.3,15.2,3
0,18,45,37,0,44,56,0,0,0,0,21.1,0,27,19.8,5
9,15,47,29,0,29,71,0,0,0,0,21,0,23.2,16,5
12,26,32,29,0,41,50,0,9,0,0,19.3,0,27.7,20.6,5
3,18,50,29,0,18,72,0,10,0,0,20.9,0,26.1,19.5,5
0,3,82,15,0,21,68,0,11,0,0,19.8,0,25.4,19,5
3,24,44,29,0,15,67,0,18,0,21.6,19.6,0,21,18,5
9,18,44,29,0,26,59,0,15,0,0,20.4,0,24,19.5,5
3,12,71,15,0,26,50,0,24,0,0,20.1,0,27,18,5
18,18,42,21,0,18,64,0,18,0,19.9,18.5,0,27.5,18,5
3,6,72,19,0,9,66,0,25,0,21.2,18.7,0,25.9,17.6,5
6,15,47,32,0,6,62,0,32,0,20.6,19.8,0,28,22,5
6,15,64,15,0,24,47,0,29,0,21.4,19.7,0,27.6,18,5
3,12,62,23,0,0,52,3,45,0,23.8,22.3,0,29.1,22.4,5
9,12,64,15,0,21,61,0,18,0,20.2,18.5,0,0,16.5,18
15,18,50,18,0,9,79,0,12,0,19.4,16.5,0,27.3,18.3,18
3,6,79,12,0,26,65,0,9,0,0,20.5,0,28.8,20.6,18
3,12,73,12,0,18,79,0,3,0,0,20.1,0,23.3,18,18
6,9,76,9,0,24,61,0,15,0,0,21.1,0,29.8,23.2,18
0,3,79,18,0,32,53,0,15,0,0,22.1,0,24.5,19,18
15,15,53,18,0,0,87,0,13,0,19.9,16.4,0,30,24.6,18
18,18,38,26,0,9,85,0,6,0,0,21.3,0,25.5,18,18
6,15,65,15,0,12,79,0,9,0,0,19.8,0,24.2,19,18
3,12,71,15,0,9,85,0,6,0,0,19.7,0,23,21,18
3,6,82,9,0,26,64,0,10,0,0,20.3,0,27.8,16.8,18
3,6,79,12,0,21,79,0,0,0,0,20.9,0,29.6,22.6,18
8,10,67,15,0,9,81,0,10,0,22.9,21.2,0,28.4,19.8,18
3,9,76,12,0,6,79,0,15,0,20.8,19.8,0,29.3,19.2,18
0,3,79,18,0,26,68,0,6,0,0,22.7,0,30,20,18
3,6,82,9,0,26,64,0,10,0,0,24,0,30,21,18
5,7,78,10,0,3,88,0,9,0,22.3,20.1,0,31.8,18.9,18
13,15,49,23,0,0,76,0,24,0,22.2,19.8,0,28.8,20.2,18
0,0,79,21,0,24,73,0,3,0,0,19.2,0,27.5,21,5
0,0,84,16,0,47,53,0,0,0,0,21.6,0,27,18,5
0,9,74,18,0,32,68,0,0,0,0,21.2,0,27.8,19,5
3,13,53,28,0,0,84,0,16,0,21.6,20.5,0,25.4,19,5
0,20.5,59,20.5,0,11.7,78,0,10.3,0,0,23.3,0,24,19,5
0,3,91,6,18,38,44,0,0,0,0,22.3,0,26.5,15,5
0,9,76,15,0,32,47,3,18,0,0,23.7,0,28,20.4,2
3,7,61,29,0,0,6,23,71,0,21.3,0,24.6,28.8,22.7,2
0,3,87,10,0,8.9,74.4,0,16.7,0,21.6,17.4,0,29.2,23,5
0,3,88,9,21,50,29,0,0,0,0,22.1,0,30.1,20.1,5
3.3,6.6,70.1,20,12,46,42,0,0,0,0,20.5,0,27.5,22,5
0,0,65,35,27,38,35,0,0,0,0,24.6,0,25.1,18.6,5
6,12,44,38,21,51,28,0,0,0,0,21.2,0,28,16,5
0,12,65,24,0,32,68,0,0,0,0,22.6,0,27,21.6,5
0,6,74,21,0,18,76,0,6,0,0,24,0,27.5,19.9,5
0,6,71,24,0,15,82,0,3,0,0,24.6,0,27,20.6,5
6,21,44,26,0,21,73,0,6,0,0,24.6,0,26.8,23.2,15
0,12,56,32,0,24,67,0,9,0,0,23.2,0,25.2,20,15
6,12,53,29,0,6,42,0,52,0,23.9,21.7,0,26.8,20.8,15
0,12,50,38,0,9,56,0,35,0,22.3,20.2,0,28.8,22,15
0,3,79,18,0,3,73,0,24,0,23.5,19.4,0,26.4,18.8,15
3,21,44,32,0,15,64,3,18,0,24.8,21.7,0,30,24,15
3,6,73,18,0,3,91,0,6,0,22,20.2,0,20.5,19.8,15
6,6,68,21,0,12,33,3,52,0,22.8,19.9,0,28,18.8,15
0,3,88,9,0,68,32,0,0,0,0,21.9,0,14.7,12.4,5
0,9,59,32,6,65,29,0,0,0,0,18.3,0,24.9,19.2,5
0,22,46,32,0,45,52,0,3,0,0,18.9,0,26.8,20.8,5
6,9,47,38,0,15,85,0,0,0,0,20.4,0,26.4,22.4,5
15,26,32,26,3,38,56,0,3,0,0,21.2,0,15.8,14.7,5
0,6,53,41,0,44,56,0,0,0,0,21.6,0,27.5,17,5
6,24,47,24,0,18,79,0,3,0,0,21.5,0,27.4,19.2,5
6,18,44,32,0,76,24,0,0,0,0,20.2,0,27.5,23,5
9,15,44,32,0,44,53,0,3,0,0,18.2,0,22.5,14,5
0,3.6,85.7,10.7,0,29.3,60.7,0,10,0,0,20.9,0,24.5,20,5
3,15,54,28,0,47,53,0,0,0,0,20.3,0,26.8,22.6,5
3,9,70,18,0,41,59,0,0,0,0,21.7,0,28.9,19.6,5
3,12,59,26,0,24,58,0,18,0,0,21.7,0,25,17.5,5
3,18,41,38,0,15,79,0,6,0,0,21.8,0,24,18,5
3,21,45,31,0,21,79,0,0,0,0,20.5,0,15.9,14.5,5
3,15,64,18,0,9,88,0,3,0,0,20.6,0,18.6,16,5
0,6,79,15,0,15,82,0,3,0,0,21.7,0,23.5,17.6,5
3,6,73,18,0,26,74,0,0,0,0,21.7,0,23.4,20.9,5
3,9,68,21,0,35,56,0,9,0,0,21.2,0,20,18.2,5
0,21,44,35,0,15,76,0,9,0,0,20.1,0,23.1,18,5
0,9,62,29,0,29,71,0,0,0,0,20.5,0,27.3,20,5
0,12,67,21,0,6,79,0,15,0,23.2,20.1,0,27.5,20.1,5
7.1,7.1,57.2,28.6,0,3.1,79,0,17.9,0,20.6,17.2,0,19.5,17.7,3
10.7,14.3,35.7,39.3,0,0,32,3,65,0,22,20.4,0,21,15.8,3
33,25,20,22,2,2,4,54,38,0,21,18.2,22,21.3,19.9,3
7.1,7.1,50,35.8,4.3,16.9,59.4,0,19.4,0,22.5,17,0,28,18,3
0,6,62,32,9,46,36,0,9,0,0,24.6,0,27.3,22.6,5
0,6,71,24,0,12,82,0,6,0,0,21.3,0,26.8,19,5
3,18,62,18,0,3,70,0,27,0,22.7,20,0,29.2,21,5
3,18,41,38,0,9,71,0,20,0,23.2,22,0,26.7,20,5
0,3,79,18,0,9,88,0,3,0,0,22.9,0,0,26.5,18
3.6,14.3,55,27.1,16.1,75.6,8.3,0,0,17.8,0,0,0,17.5,20.8,5
0,7.1,85.8,7.1,1.5,16.2,72.3,0,10,0,0,21.8,0,19.7,20.1,3
6.7,1,66.6,16.7,0,12.5,71.3,0,16.2,0,23.4,20,0,19.5,16,3
17.9,17.9,46.3,17.9,3,3,56,6,32,0,22.5,19,0,20.8,17,3
0,0,79,21,3,44,53,0,0,0,0,22.1,0,27.8,20.6,18
0,0,80,20,0,41,59,0,0,0,0,22.4,0,26.2,21.3,18
0,3,88,9,0,74,26,0,0,0,0,24.6,0,27.5,20.2,18
0,3.5,78.7,17.8,12.4,64.1,23.5,0,0,0,0,23.2,0,26.8,22.3,5
0,4,93,4,0,8,76.3,0,15.7,0,22.3,19.5,0,26,20.7,5
0,0,93,7,0,18.1,67,0,14.9,0,0,23.9,0,29.8,24.7,5
0,4,84,12,10,47,39,0,4,0,0,21.9,0,30,19,5
0,0,85,15,12,38,50,0,0,0,0,23.2,0,27.5,24,5
0,20.5,53.1,26.4,0,8.6,65.2,0,26.2,0,22.5,17.7,0,25,16,5
10,22,34,26,0,0,18,20,62,0,21.8,0,23.6,20.9,15,15
0,3,85,12,0,0,26,0,74,0,21.1,20.6,0,21.5,20,15
0,3,65,32,0,15,75,0,10,0,0,22.3,0,26.9,17.2,5
0,6,53,41,0,16,84,0,0,0,0,22.2,0,18.5,16.8,5
12,15,47,26,0,21,79,0,0,0,0,24.5,0,18.5,16.8,15
12,18,40,30,0,0,18,0,82,0,24.1,21.8,0,27.6,20,15
0,4,82,14,9,29,62,0,0,0,0,21.5,0,21.5,18.6,5
0,17,60,23,0,11.4,68.4,0,20.2,0,21.1,17.4,0,28.9,21,5
0,12,71,18,0,9.1,70.8,0,20.1,0,23.4,18,0,27.8,22.6,5
0,9,50,41,6,29,65,0,0,0,0,21.1,0,30.5,24,5
0,2.9,76.6,20.5,0,4.6,78.2,0,17.2,0,22.6,20.7,0,15,2265,5
0,8.8,76.5,14.7,0,8.2,76,0,15.8,0,21.9,19.4,0,24,18,5
0,7.1,67.9,25,0,16.7,58.4,0,24.9,0,23,18.4,0,24.8,16.8,3
7.1,14.3,60.7,17.9,0,0,9.4,19,71.6,0,18.9,0,24.8,26,24.9,3
3.5,14.2,60.9,21.4,0,0,17.4,11.7,70.9,0,25.5,21.6,0,26.8,24,3
0,6,85,9,0,0,61,0,39,0,22.8,19.6,0,21.3,19.6,18
0,3,76,21,0,0,20,3,77,0,22.3,20.9,0,21.8,20.7,18
3,9,56,32,0,0,74,0,26,0,22.3,20.4,0,25.9,16.2,18
3,18,62,18,0,0,70,3,27,0,22,20.1,0,27.2,18.6,18
0,3,76,21,0,6,71,0,24,0,25.8,21.5,0,15.9,14.2,16
0,12,53,35,0,0,44,3,53,0,25.8,23.8,0,24.4,19.4,16
21.4,28.5,39.4,10.7,11.7,73.3,15,0,0,0,0,21.2,0,30,28,4
6,50,8,36,12,23,59,0,6,0,0,25.5,0,30,27.2,4
21.4,25,28.6,25,1.9,19.6,72.9,0,5.6,0,0,21.7,0,26.3,20.1,4
0,3.6,92.8,3.6,0,9.2,78.1,0,12.7,0,0,23,0,29,18.9,3
3.6,14.3,78.5,3.6,0,11,89,0,0,0,0,21.9,0,26.9,23,3
10.5,13.2,52.6,23.7,0,20.8,68.2,0,11,0,0,21.8,0,26,23,3
32.1,32.3,17.8,17.8,0,10.1,69.9,0,20,0,21,18.4,0,25.2,19,3
7.1,7.1,75,10.7,0,11.3,74.2,0,14.5,0,22,19.8,0,19.8,14,3
0,3.6,71.4,25,0,0,6.1,8.5,85.4,0,23,19.8,0,24,18,3
17.9,17.9,46.4,17.8,0,10.1,75.4,0,14.5,0,22,20.2,0,28,21,3
3.1,7.2,61.1,28.6,0,3,82,0,15,0,22.2,10.7,0,29,20,3
0,7.1,85.8,7.1,0,17.5,67.1,0,15.4,0,0,21.1,0,27,18.3,3
0,3,65,32,0,3,67,15,15,0,27,23.1,0,27.4,19.5,13
3,15,50,32,0,9,56,9,26,0,26,20.3,0,22,18,13
0,3,88,9,0,0,27,6,67,0,24.1,20.2,0,28.5,23,13
0,0,75,25,0,37,57,0,6,0,0,22.2,0,28,21,5
0,3,88,9,0,11,79,0,10,0,0,21,0,28.4,23.1,18
3,6,82,9,0,3,68,0,29,0,22.6,19.4,0,21.6,17.6,18
9,9,50,32,0,26,74,0,0,0,0,19.6,0,24.8,19.8,18
0,3,71,26,0,21,79,0,0,0,0,20.9,0,28.8,20,18
21,29,9,41,0,0,82,0,18,0,22.6,19.1,0,32,22.2,18
17,42,16,25,0,3,85,0,12,0,20.2,18.2,0,28.9,18.4,18
41,26,9,24,0,0,62,0,38,0,25.2,20.8,0,30.1,18,18
6,21,44,29,9,24,59,0,8,0,0,22,0,28.7,20,14
3,9,68,21,3,34,58,0,5,0,0,22,0,27.5,19.6,14
3.5,7.1,68,21.4,0,2.1,70.6,0,27.3,0,26.3,21.7,0,18,16,13
0,18,68,14,0,0,9.7,17,73.3,0,21.8,0,28,24,21.5,13
7,4,79,11,0,12,41,0,47,0,26.2,22,0,22.5,17.1,13
3.5,14.2,57.3,25,0,0,19.7,8,72.3,0,23.4,20.6,0,29.5,21.4,13
12,15,59,15,0,4.6,74.8,2.4,18.2,0,23.6,20,0,27,20,13
0,3,74,24,0,18,55,12,15,0,0,23.1,0,28.9,21.8,13
2.9,8.8,76.6,11.7,0,3.5,71.7,1.9,22.9,0,23.3,20.2,0,24,18,13
0,3.6,78.5,17.9,0,0,0,60.5,39.5,0,22.1,0,27.7,28,22.2,2
0,3,94,3,0,6,82,3,9,0,25.7,20.1,0,27.6,19,2
0,0,84,16,0,3,29,12,56,0,24.7,20.4,0,24.4,18.6,2
3,10,73,14,0,0,50,0,50,0,26.1,20.4,0,28.7,21,15
0,0,81,19,0,0,56,0,44,0,22.2,21.6,0,28,20,15
0,4,89,7,0,8,30,0,62,0,24.3,20.8,0,28.5,22.5,15
0,0,79,21,0,0,39,6,55,0,23.5,21.4,0,29.5,20,15
0,0,74,26,0,0,47,9,44,0,24,22.8,0,29.9,21.3,15
0,6,81,16,0,0,41,3,56,0,21.4,20.7,0,18.8,15.9,15
0,3,76,21,0,0,47,0,53,0,24.5,22,0,20.7,19.6,15
0,3,76,21,0,0,44,3,53,0,22.3,21.2,0,17.5,14.5,15
0,3,91,6,0,3,65,0,32,0,23.4,21.4,0,25.4,17.5,15
0,0,79,21,0,0,53,0,47,0,22,20.5,0,27.4,19,15
0,0,76,24,0,0,24,6,70,0,22.4,20.3,0,28.1,21.6,15
0,3,85,12,0,0,41,0,59,0,23.3,20.5,0,22.8,17.5,15
10.3,14.7,39.3,35.7,0,4.8,85.2,0,10,0,21.4,18.4,0,19.1,16,3
5.9,5.9,73.5,14.7,12,15,53,0,20,0,21.3,20,0,27,23.1,3
3.5,17.8,53.7,25,0,0,32.1,0,67.9,0,21.9,19.5,0,22,17.5,3
0,0,97,3,0,10,67,5,18,0,23.8,20.9,0,27.8,25,16
0,3,88,9,0,3,82,0,15,0,22,21.3,0,27,19.8,16
0,7.1,71.5,24.4,0,8.6,86.1,0,5.3,0,0,24.1,0,21.2,13,8
14.2,32.1,21.6,32.1,12,41,38,0,9,0,0,22.2,0,24,17.5,8
3.6,14.3,46.4,35.7,0,24.1,69.3,0,6.6,0,0,22.8,0,20.8,16.4,8
3.6,21.4,50,25,6.6,24.5,48.9,0,20,0,0,22,0,25.8,21,8
0,3.6,85.7,10.7,7.8,15.9,76.3,0,0,0,0,22.5,0,28,18.7,8
0,8.8,50,41.2,9,29,59,0,3,0,0,22.3,0,28,22.3,8
0,7.1,71.5,17.8,1.5,13.9,67.2,0,17.4,0,0,21.5,0,24.3,18.6,8
10.7,25.6,25,35.7,0,13,60.6,0,26.4,0,22.8,17.6,0,28,22.5,8
0,7.1,64.4,28.5,0,17.2,59.4,0,23.4,0,24.5,18.6,0,24.8,19.4,8
0,17.8,64.4,17.8,0,12.2,56.1,0,31.7,0,23.4,17.5,0,25.8,20,8
3.5,10.7,71.6,14.2,0,19.8,75.5,0,4.7,0,0,23.9,0,21,12.4,14
6,24,44,26,0,6,91,0,3,0,0,24.8,0,25.5,17,13
0,6,76,18,0,3,50,0,47,0,27.6,24.6,0,27.5,20.1,13
3,6,73,18,0,0,12,15,73,0,27.8,23.4,0,26.7,19.9,13
3,18,45,34,0,0,21,6,73,0,26.2,25.3,0,21.2,18.6,13
6,9,59,26,0,21,73,0,6,0,0,27.6,0,27.4,19,13
6,12,41,41,0,0,12,3,85,0,24.4,21.6,0,26.5,22,13
15,24,32,29,0,0,24,12,64,0,24.8,22,0,29.6,22.8,13
4,4,86,7,12,38,50,0,0,0,0,20.2,0,23,15.3,5
0,8,72,20,6,15,73,0,6,0,0,22.1,0,25,18,5
3.6,10.7,50,35.7,0,16.4,64.1,0,19.5,0,22.2,20.1,0,27.5,22,5
3,9,79,9,0,15,79,0,6,0,0,21.7,0,26.5,20,5
0,22,47,31,3,12,76,0,9,0,0,23.1,0,25.7,16,5
3,9,67,21,9,41,47,0,3,0,0,21.8,0,28,20,5
3,6,61,30,15,36,45,0,4,0,0,22.5,0,28,23,5
0,3,88,9,0,41,55,0,4,0,0,22.9,0,24.5,16.5,5
3,3,68,26,3,55,42,0,0,0,0,20.4,0,27.8,21.6,5
0,3,64,33,0,48,52,0,0,0,0,22,0,27,21.7,5
0,3,85,12,0,35,62,0,3,0,0,18.2,0,25.9,18,5
3,18,58,21,0,29,71,0,0,0,0,22.5,0,26.4,20.6,5
3,6,76,15,0,35,65,0,0,0,0,22.1,0,26.3,20.6,5
0,18,56,26,0,12,85,0,3,0,0,21.5,0,28.4,20,5
3,13,50,34,0,24,73,0,3,0,0,22.7,0,27.3,20.1,5
6,9,50,35,0,35,65,0,0,0,0,21.6,0,27.3,20.1,5
0,6,79,15,0,9,73,0,18,0,22.5,21.5,0,25,20,5
0,10,70,21,0,18,73,0,9,0,0,24.8,0,26.3,20,5
0,6,76,18,0,3,82,0,15,0,21.7,21.3,0,27.7,19.7,5
3,3,71,24,0,13,81,0,6,0,0,23.4,0,27.5,23.9,5
0,6,85,9,0,16,81,0,3,0,0,22.9,0,26.8,21,5
3,9,56,32,0,6,74,0,20,0,22.9,20,0,29.5,21,5
3,6,68,24,0,3,87,0,10,0,21.1,20.4,0,27.5,23.1,5
3,18,55,24,0,3,82,0,15,0,20.8,19.9,0,27.6,21,5
3,15,59,24,0,0,65,3,32,0,23.9,22.6,0,20.5,17.6,5
0,6,76,18,0,0,65,0,35,0,22.8,20.5,0,21.1,18.2,5
15,18,26,41,0,0,3,6,91,0,19.9,0,21.7,26.6,21.5,5
0,14.3,71.4,14.3,9.9,38,51.5,0,0.6,0,0,18.3,0,29,27.7,1
0,17.9,42.9,39.2,4.2,39.7,55.1,0,1,0,0,22,0,20.3,23,1
3.6,10.7,35.7,50,5.5,45.8,48.7,0,0,0,0,18.9,0,28.9,19,1
14.3,28.6,25,32.1,0,19.2,75.1,0,5.7,0,0,18.9,0,30,25,1
6,12.1,66.7,15.2,0,9.8,83.7,0,6.5,0,0,19.3,0,28.3,22.1,1
3.6,17.8,32.2,46.4,0.6,18.5,75.2,0,5.7,0,0,19.1,0,28.7,27,1
3.5,10.7,71.5,14.3,2.7,20.2,74.1,0,3,0,0,17,0,27,17,1
7.1,17.9,32.1,42.9,24,44,29,0,3,0,0,19.6,0,27.5,23.5,1
3.5,17.8,53.6,25.1,3,32,62,0,3,0,0,20.5,0,26,23.5,1
0,3,85,12,0,12,70,0,18,0,0,19.1,0,31.2,18.5,3
0,0,71,29,3,12,76,0,9,0,0,20.1,0,28.5,18,3
0,0,66,34,2,8,82,0,8,0,0,19.5,0,28.5,18.2,3
0,4,82,14,0,4,76,0,20,0,19,16.5,0,28,19.3,3
3,9,63.8,24.2,0,16,56,0,28,0,21.2,17.5,0,29.2,18,3
2.4,24.3,31.9,41.4,0,13,72.8,0,14.2,0,0,20.4,0,25,18,3
0,17.8,57.2,25,4.3,75.7,20,0,0,0,0,20.7,0,29.3,23,3
7.1,10.7,50.1,32.1,0,15.8,69.4,0,14.8,0,0,20.7,0,27.5,24,3
7.1,14.3,60.7,17.9,1.3,14.1,69.2,0,15.4,0,0,20.8,0,26,20,3
17.9,17.9,42.8,21.4,0,5.7,64.9,0,29.4,0,0,20.4,0,30,22,3
17.9,19.7,39.2,25,0,11.9,59.5,0,28.6,0,0,21.1,0,30,26.3,3
7.1,7.1,67.9,17.9,2.8,17.9,73.4,0,5.9,0,0,21.5,0,19,14.3,3
7.1,10.7,57.2,25,1.5,13.4,75.1,0,10,0,0,20.6,0,20,19,3
7.6,15.3,57.9,19.2,0,11.9,78.1,0,10,0,0,21.1,0,19.2,16.5,3
3.4,6.8,69.2,20.6,0,8.2,73.7,0,18.1,0,18,20.1,0,20,19,3
0,3.6,78.5,17.9,0,10.4,69.6,0,20,0,19.9,18,0,17,14.4,3
7.1,7.1,64.4,21.4,0,13.8,66.3,0,19.9,0,22.9,17.1,0,19,16.6,3
14.3,32.1,21.5,32.1,0,3.2,77.8,0,19,0,21.4,18.6,0,19,16,3
0,9.3,68.9,21.8,2.8,13.2,68.6,0,15.4,0,0,21,0,21.6,15.7,3
0,18.5,59.3,18.5,0,6.8,78.7,0,14.5,0,22.4,17.8,0,21.6,18.1,3
17.9,21.4,28.6,32.1,0,12.6,71.9,0,15.5,0,0,21.3,0,24.7,15.2,3
0,0,75,25,0,9.4,75.4,0,15.2,0,21.3,18.3,0,24.5,11.4,3
0,3.6,89.3,7.1,0,0,29,0,71,0,21.4,20,0,24,20,3
0,0,96.5,3.5,0,0,6.8,69.2,24,0,19.6,0,23.3,23,18,3
0,7.1,71.5,21.4,0,0,6.2,7.7,86.1,0,19.5,0,20.8,25,17,3
0,14.2,53.7,32.1,0,0.8,18.7,46.6,33.9,0,21.8,0,22.9,28.5,23,3
7.1,21.9,42.5,28.5,0,0,23,7.6,69.4,0,23.1,22.5,0,28.3,21,3
0,21.4,57.2,21.4,0,0,12.4,6.1,81.5,0,23.2,22,0,26.5,16.7,3
3.6,3.6,78.5,14.3,0,0,8.5,9.4,82.1,0,22.4,20.7,0,30,22.5,3
0,3.6,92.8,3.6,0,0,7.4,27.1,65.5,0,21.5,0,24,24,19.5,3
0,3.5,78.7,17.8,0,5.3,14.8,0,79.9,0,23.1,20,0,26,22.6,3
18,18,21,43,0,0,8.8,22.6,68.6,0,18.2,0,21.6,27,23,3
0,0,89,11,0,0,0,76.1,23.9,0,21.2,0,21.6,24,18,3
0,4,96,0,0,0,2.5,24.6,72.9,0,21.4,0,21.8,26,19,3
3,6,74,18,0,9,88,0,3,0,0,20.8,0,26.7,20,18
6,12,62,21,0,12,79,0,9,0,0,21.8,0,26.6,18.8,18
6,18,47,32,0,12,85,0,3,0,0,19.3,0,29.4,20,18
0,0,88,12,5,41,54,0,0,0,22.6,18.4,0,29.4,24.7,5
0,3,94,3,8,26,66,0,0,0,0,22.1,0,27,22,5
0,6,82,12,18,32,50,0,0,0,0,22,0,28.2,20.2,5
0,3,65,32,3,15,82,0,0,0,0,21.7,0,27.8,23,5
0,9,74,18,0,47,50,0,3,0,0,21.8,0,27.5,19.5,5
0,3,59,38,0,37,60,0,3,0,0,21.9,0,26.3,19,5
10.7,39.3,21.4,28.6,1.9,13.1,71.7,0,13.3,0,0,22.9,0,29,26,1
7.1,21.5,35.7,35.7,4,13.3,73.5,0,9.2,0,0,22.7,0,29,21.8,1
14.3,21.5,32.1,32.1,0,11.3,64.3,0,24.4,0,23,20.2,0,19.8,15,1
7.2,7.2,46.3,39.3,0,0,24,3,73,0,21.8,16.6,0,25,23,3
0,20,53,27,21,38,41,0,0,0,0,22.5,0,4.8,5.2,5
3,6,56,35,24,31,45,0,0,0,0,21.6,0,4,6.8,5
0,3,79,18,0,16,75,0,9,0,0,20.5,0,3.8,6,5
3,18,53,26,0,88,12,0,0,0,0,20.6,0,3.7,6,5
0,9,54,37,0,38,62,0,0,0,0,22.9,0,3.8,7,5
7.1,17.9,53.6,21.4,6.5,76.6,16.9,0,0,0,0,22.3,0,12,6,1
0,6,76,18,70,22,8,0,0,16.6,0,22,0,12,6,1
0,14,45,40,2,33,65,0,0,0,0,22.9,0,6.4,5.5,1
7.1,14.3,64.3,14.3,0,18.5,70.1,0,11.4,0,0,21.8,0,10,11.5,1
7.1,7.1,71.5,14.3,1.7,10.8,70.3,0,17.2,0,0,21,0,12,6,3
0,6,62,32,9,53,38,0,0,0,0,20.3,0,12,6,3
0,11,71,18,0,24,76,0,0,0,0,21.6,0,6.4,5,3
3.6,10.7,67.9,17.8,1.8,34,64.2,0,0,0,0,21,0,10,18.4,3
7.1,10.7,64.3,17.9,4.5,19.4,76.1,0,0,0,0,21.5,0,7,6.5,3
3.6,3.6,82.1,10.7,0,8.3,75,0,16.7,0,0,21.2,0,5.8,6.9,3
7.1,10.7,57.2,25,2.3,15.5,75.9,0,6.3,0,0,21.1,0,4.1,5.9,3
17.9,21.4,35.7,25,3,35,62,0,0,0,0,22,0,4.3,8,3
7.1,7.1,75.1,10.7,0,19.5,76,0,4.5,0,0,21.7,0,4.5,5,3
0,5.9,73.5,20.6,17,15,68,0,0,0,0,20.8,0,4.5,11.2,3
3.6,3.6,82.1,10.7,0,2.2,83.7,0,14.1,0,21.1,17.9,0,5,6.6,3
0,17.8,57.2,25,0,10.9,80.8,0,8.3,0,0,21.6,0,6,5.5,3
0,3,82,15,0,0,6,9,85,0,23.7,19.3,0,26.7,18.9,2
3,6,85,6,0,0,6,9,85,0,21.7,0,24.6,28,20,2
0,0,97,3,0,0,15,18,67,0,18.2,0,20.6,20.8,14.4,2
0,0,81,19,0,0,71,0,29,0,25.7,22.7,0,28.6,20.1,2
0,6,76,18,12,29,59,0,0,0,0,21,0,29.4,23,5
0,12,65,24,26,44,30,0,0,0,0,22.1,0,27.2,25,5
0,0,91,9,9,38,50,0,3,0,0,21.2,0,26,16,5
0,0,88,12,9,47,44,0,0,0,0,21.1,0,26,17,5
0,3,79,18,0,24,76,0,0,0,0,22.3,0,27.5,21,5
0,0,85,15,0,15,70,0,15,0,0,22.3,0,21.1,16.5,5
0,10,68,22,0,55,40,0,5,0,0,17.7,0,26.5,22.2,5
3,9,56,32,0,25,65,0,10,0,0,20.1,0,27.4,21.2,5
0,6,68,26,0,29,71,0,0,0,0,22.2,0,0,18.4,5
3,6,56,35,0,27,73,0,0,0,0,19.8,0,20.9,19.8,5
0,6,68,26,0,29,71,0,0,0,0,21.7,0,27.1,19,5
0,3,76,21,0,15,76,0,9,0,0,21.3,0,27,20,5
0,0,76,24,0,15,85,0,0,0,0,22.5,0,29,21.5,5
3,6,82,9,0,0,44,0,56,0,20.3,19,0,29.6,22.8,5
3,6,82,9,0,0,32,0,68,0,22.8,21,0,29.5,20.6,15
0,0,76,24,0,0,35,0,65,0,21.9,20.5,0,30.4,23.6,15
0,3,79,18,0,0,32,0,68,0,22.1,20.8,0,30.5,23,15
0,3,88,9,0,0,47,0,53,0,19.3,20,0,24.2,19.8,15
3,6,85,6,0,0,24,3,73,0,23,22.2,0,23.8,19,15
3,3,88,6,0,0,41,0,59,0,24.7,23.7,0,24.4,18.2,15
0,3,81,16,0,0,41,0,59,0,21,20.7,0,27,23.3,15
0,3,88,9,0,0,47,0,53,0,22.5,20.2,0,30,22.5,15
0,3,91,6,0,0,29,0,71,0,24.3,23.1,0,29.2,22.8,15
0,3,79,18,0,0,41,0,59,0,23,22.6,0,21.7,18.4,15
3,3,82,12,0,0,47,0,53,0,24.2,20.8,0,29.7,20,15
3,6,82,9,0,0,38,0,62,0,23.9,22.1,0,30,19.8,15
10,15,57,18,0,0,24,3,73,0,24.8,19.3,0,30.9,21.9,15
6,18,50,26,0,0,12,20,68,0,21.5,0,22.7,32.8,23.1,15
3,3,85,9,0,18,35,3,44,0,22.7,16.5,0,27.9,18.9,15
3,6,82,9,0,0,50,6,44,0,25,20.6,0,30,20,15
3,6,63,28,0,0,31,6,63,0,24.7,20,0,30,24.6,15
0,3,88,9,3,82,15,0,0,0,0,20,0,18.5,15.4,18
0,0,78,22,0,9,91,0,0,0,0,21.3,0,28.9,20,16
0,3,88,9,0,6,79,0,15,0,22.8,19.5,0,29.8,22.6,16
0,6,76,18,0,12,76,0,12,0,0,22.4,0,29.2,20,16
0,0,92.9,7.1,0,35,45,0,20,0,0,21.7,0,28.3,24.8,11
0,3,85,12,18,44,32,0,6,0,0,21.3,0,28.2,24.8,11
0,3,81,16,3,26,68,0,3,0,0,22.3,0,27.5,23.2,5
3,12,73,12,0,41,50,0,9,0,0,22.3,0,23.5,18,5
7.1,7.1,46.5,32.1,0,14.3,55.7,0,30,0,24.5,19.9,0,19,17.5,3
3.6,14.3,64.2,17.9,6.3,14,63.8,0,15.9,0,25.7,20,0,19,16.8,3
6.9,13.8,55.2,24.1,0,4.3,80.1,0,15.6,0,24,19.9,0,19,16.8,3
9,18,50,24,0,18,67,0,15,0,0,24.5,0,27.5,18,13
0,18,44,38,0,6,18,2,74,0,26.2,23.5,0,28.9,22.9,13
0,3,82,15,0,0,35,0,65,0,25.5,20.6,0,23.4,20.4,13
0,0,97,3,0,0,13,7,80,0,27.6,23.5,0,20.2,15.6,13
3,8,74,15,0,0,18,10,72,0,25.6,23.5,0,22.1,16.5,13
0,6,70,24,0,0,9,3,88,0,26.1,23.2,0,24.5,18.1,13
0,18,56,26,0,0,12,12,76,0,28.3,24.7,0,23,18.1,13
0,3,85,12,0,0,27,3,70,0,25.1,23.1,0,18.7,15.8,13
3,18,47,32,0,0,15,6,79,0,26.8,24.9,0,24.9,19,13
3,9,76,12,0,0,16,16,68,0,26.7,0,27.7,27.3,18.9,13
0,12,56,32,0,38,59,0,3,0,0,18.4,0,28,22.3,5
0,15,68,18,0,32,65,0,3,0,0,19.7,0,27.5,21.6,5
0,3,76,21,0,56,44,0,0,0,0,21.1,0,21.1,15.8,14
6,12,61,21,0,41,53,0,6,0,0,18.9,0,28,23.3,14
0,17.9,42.8,39.3,0,7.8,63.1,11.9,17.2,0,0,22.3,0,27.5,24.2,3
0,9,74,18,0,24,70,0,6,0,0,24.1,0,19.7,14,13
0,3,82,15,0,3,88,0,9,0,0,26.6,0,24.7,16.6,13
0,6,65,29,0,12,82,0,6,0,0,22.8,0,26.6,19,13
9,15,59,18,0,32,53,6,9,0,0,24.9,0,27.5,21,13
0,6,75,19,0,0,36,6,58,0,25.3,22.4,0,26.1,18.6,13
0,12,70,18,0,6,59,0,35,0,24,20.9,0,27.6,18.1,13
0,3,82,15,0,9,53,3,35,0,30.3,22.4,0,27.2,22.3,13
0,3,91,6,0,0,9,21,70,0,23.1,0,27,29.9,23,2
0,3,91,6,0,0,3,18,79,0,22.3,0,25.5,20,15,2
0,15,65,21,0,9,55,0,36,0,20.2,17.5,0,26.1,20,5
0,0,76,24,0,3,57,0,40,0,21.3,20,0,19.6,15.8,5
0,6,76,18,0,9,56,0,35,0,21,19.7,0,25,16.8,5
3,9,76,12,0,12,68,0,20,0,0,22.5,0,27.3,20,5
0,3,79,18,0,0,80,0,20,0,21.5,18.8,0,22,17,5
0,6,59,35,0,15,41,0,44,0,20.6,19.1,0,28.6,21.7,5
0,3,76,21,0,3,59,3,35,0,21.4,20.9,0,22.8,17,5
0,3,76,21,0,3,65,0,32,0,23.8,23.3,0,31,20.6,5
0,3,88,9,0,0,24,0,76,0,23.9,22.2,0,25,18,15
0,3,85,12,0,0,26,3,71,0,23.4,20.1,0,26.8,18,15
3,3,85,9,0,0,3,3,94,0,24.7,23.6,0,30.6,19.2,15
12,15,50,24,0,0,12,18,70,0,25.3,24.6,0,30,24.5,15
3,12,50,26,0,9,82,0,9,0,20.6,19.9,0,25.8,20,18
3,12,56,29,0,9,88,0,3,0,0,22.1,0,28.5,23,18
0,3,91,6,0,0,71,0,29,0,23.3,22.4,0,28.5,23.5,16
0,3,85,12,0,0,41,0,59,0,23,19.2,0,22.4,17,16
5.8,20.5,50.2,23.5,0,15.5,74.5,0,10,0,0,21.4,0,24,17,14
0,3,82,15,29,49,22,0,0,0,0,22.5,0,25.5,20.6,14
0,6,79,15,9,53,38,0,0,0,0,18.9,0,28.2,20.1,14
0,0,79,21,0,18,76,0,6,0,0,22.6,0,24.3,21,18
0,3,76,21,0,15,75,0,10,0,0,23.8,0,29.8,23.5,18
0,0,76,24,0,9,88,0,3,0,0,22,0,26.5,20,18
2.9,17.6,56,23.5,0,16.4,75.1,0,8.5,0,0,21.2,0,22.5,16.5,5
0,3,85,12,18,27,49,0,6,0,0,20.5,0,26.5,20.4,5
0,0,85,15,0,21,68,0,11,0,0,21.1,0,24.9,19,5
0,3,79,18,0,0,35,0,65,0,21.9,18.6,0,30,20,5
10.7,10.7,42.9,35.7,1.8,22.8,71.9,0,3.5,0,0,18.2,0,29.4,23,1
0,0,71,29,8,46,46,0,0,0,0,23.9,0,28,19,1
0,0,81,19,10,47,42,0,1,0,0,19.7,0,30,24,1
10.7,17.9,35.7,35.7,0,14.9,78.4,0,6.7,0,0,20.4,0,25,18.5,1
20,25,19.3,35.7,1.2,14.3,65.6,0,18.9,0,0,20.3,0,30,27.7,1
3.6,3.6,85.7,7.1,0,18,78.7,0,3.3,0,0,21.4,0,17.2,14,1
7.1,21.4,35.8,35.7,0,4.4,70.8,0,24.8,0,20.9,17.2,0,18.3,15.9,3
3.6,14.3,42.8,39.3,0,8.7,61.6,0,29.7,0,21.9,20.6,0,19.5,18,3
3.5,3.5,46.6,46.4,0,15.7,78.5,0,5.8,0,0,18.9,0,27,20,3
10.7,21.4,32.2,35.7,0,0,0,70.4,29.6,0,20.3,0,22.5,25.3,16,3
4,0,75,21,0,0,8.6,10.8,80.6,0,18.4,0,21,26,15,3
0,9,73,18,19,41,37,0,3,0,0,22.8,0,28.2,20,5
0,0,76,24,3,29,68,0,0,0,0,22,0,28,23,5
0,6,56,38,0,24,73,0,3,0,0,17.5,0,26.3,19,5
15,15,46,24,0,15,85,0,0,0,0,21.3,0,27.7,21.4,5
0,15,56,29,0,15,75,0,10,0,0,21,0,24.9,17.4,5
0,9,79,12,0,3,79,0,18,0,22.1,20.7,0,18.1,2683,5
3,9,76,12,0,0,60,0,40,0,21.8,20.3,0,26.3,18.6,5
0,3,82,15,0,12,62,0,26,0,21.7,18,0,26.3,18.1,5
0,3,88,9,0,3,57,0,40,0,22.1,19,0,25.9,19.6,5
0,3,85,12,0,0,60,0,40,0,20.7,19.4,0,24.4,19.3,5
3,6,82,9,0,26,54,0,20,0,0,21.1,0,27.3,20,5
3,3,62,32,0,0,42,0,58,0,21.9,20.1,0,27.1,21,5
0,3,74,24,0,15,59,0,26,0,22.1,20,0,26.8,17.6,5
3,9,59,29,0,0,26,9,65,0,21,20.9,0,28,18.6,5
12,21,41,26,0,0,20,3,77,0,20.5,16.8,0,28.1,21,5
7.1,7.1,57.2,28.6,0,16.3,80.7,0,3,0,0,20.9,0,19.2,13.5,3
10,17.9,53.5,18.6,1.3,15.9,73.8,0,9,0,0,20.7,0,20,18,3
17.9,25,32.1,25,0,15.9,74.1,0,10,0,0,20.7,0,16.8,13.3,3
0,13.7,62.2,24.1,2.7,19.4,71,0,6.9,0,0,21.6,0,22.4,14.5,3
0,7.1,75.1,17.8,0,7.8,85.4,0,6.8,0,0,21.2,0,20.1,15,3
3.6,7.1,75,14.3,0,3,67,0,30,0,21.3,16.6,0,26.5,21,3
10.7,10.7,57.2,21.4,0,18.5,61.5,0,20,0,21.4,17.3,0,28.4,21,3
8.8,11.7,41.3,38.2,0,0,0,21.8,78.2,0,21.1,0,23.8,24.1,17.9,3
4,7,86,4,0,7.5,78,0,14.5,0,26.4,22.7,0,18.8,18,13
0,3.6,75,21.4,0,12,74,0,14,0,24.3,22.8,0,28,22,13
4,14,61,21,0,8.1,63.4,0,28.5,0,23.2,22.5,0,23,17,13
6,12,71,12,0,19,54,0,27,0,24.8,21.3,0,29.3,24,13
5.8,17.6,41.1,35.5,0,9,65.8,0,25.2,0,24.4,22.2,0,22.3,18.4,13
0,15,56,29,0,3,68,3,26,0,25.2,20.4,0,27,20,13
2.9,11.8,67.7,11.8,0,9.7,69.7,0,20.6,0,24.8,19.8,0,22.4,16,13
3,7,72,18,0,0,44,6,50,0,26.6,18.9,0,26,22.6,13
0,3,91,6,6,6,47,12,29,0,23.6,20.4,0,21,14,13
0,6,76,18,0,12,55,12,21,0,24.4,21.7,0,24.1,15,13
0,12.1,69.8,18.1,0,4.5,68.2,2.1,25.2,0,26.6,24.8,0,20.4,14.2,13
0,3,71,26,0,0,56,15,29,0,27.4,23.9,0,28,23,13
0,3,71,26,0,18,52,12,18,0,0,23.2,0,27.5,22.8,13
0,3,79,18,0,0,35,12,53,0,29.2,25.2,0,18,16.5,13
13.7,15.7,41.2,29.4,0,8.2,77.1,0,14.7,0,0,21.1,0,19,16.3,5
0,9,74,18,19,41,31,0,9,0,0,23.6,0,28,23,5
3,6,79,12,0,9,43,16,32,0,25.7,22.7,0,25,17,13
0,14.7,64.8,20.5,0,11.3,68.9,0,19.8,0,26.8,18.6,0,23.5,18,13
2.9,11.7,61.9,23.5,0,12,61.5,0,26.5,0,0,21.1,0,23,18,5
0,3.6,82.1,14.3,0,15.6,68.8,0,15.6,0,0,21.8,0,26,16,14
0,0,94,6,9,32,56,0,3,0,0,23.8,0,26,20,14
3,3,76,18,6,18,73,0,3,0,0,21.5,0,25,17.2,14
5.8,8.8,73.7,11.7,0,3.1,86.9,0,10,0,23.9,20.1,0,24.1,20,14
0,3,85,12,0,0,0,29,71,0,20.7,0,24.4,24.6,18,2
6,15,47,32,0,0,19,0,81,0,24.1,20.1,0,26,16,2
0,3.5,89.4,7.1,0,18.4,65.7,0,15.9,0,0,24.2,0,17.6,15.3,1
0,7.4,74.1,18.5,0,19.2,62.9,0,17.9,0,0,21.8,0,20,19,1
3,12,47,38,0,0,15,6,79,0,22.7,21.9,0,30,20,16
15,24,35,26,0,0,3,11,86,0,18.3,0,21.6,20,17.5,16
15,21,44,21,0,0,18,3,79,0,21,20.4,0,21.7,19.8,16
18,18,35,29,0,0,9,9,82,0,21.2,18.9,0,24.6,16.4,16
0,3,76,21,0,18,73,0,9,0,0,23.2,0,27.1,21,13
0,15,65,21,0,12,73,0,15,0,23.3,21.7,0,23.8,20.3,5
0,3,82,15,0,18,64,0,18,0,23.3,21.7,0,27.5,19.4,5
0,21,55,24,0,18,64,0,18,0,23.4,19.1,0,27.5,21.1,13
0,12,68,21,0,6,68,0,26,0,25.1,20.9,0,26,14,13
0,3,91,6,0,0,9,47,44,0,22.5,0,23.9,29.3,21.4,2
6,9,73,12,0,0,0,72,28,0,22.3,0,26.4,29.3,17.5,2
0,6,82,12,16,39,45,0,0,0,0,22.2,0,25.1,15,5
3,6,67,24,0,12,82,0,6,0,0,22.8,0,25.7,19,5
3,3,79,15,0,47,53,0,0,0,0,21.8,0,26.2,16,5
3,12,68,18,0,15,82,0,3,0,0,22.3,0,27,19.2,5
6,9,70,15,0,0,45,0,55,0,20.4,19.8,0,27.8,19.6,5
4,12,53,29,0,0,61,0,39,0,22.6,20.6,0,26.8,17.5,5
0,15,44,41,0,0,29,9,62,0,22.2,18.7,0,27.9,20,5
0,3,88,9,0,0,21,17,62,0,26,23.1,0,30,18,15
6,9,59,26,0,0,6,18,76,0,23.9,0,26.2,30.3,18,15
0,7.1,78.6,14.3,0,4,84,0,12,0,21.3,18.5,0,22,22.3,3
3.5,3.5,68,25,0,12.6,70.3,0,17.1,0,21.3,17.8,0,27.3,20,3
0,6,82,12,0,30,30,17,23,0,0,23.3,0,28.5,24.8,3
0,0,94,6,9,26,39,3,23,0,0,23.9,0,27,21.1,3
0,3,82,15,0,0,90,0,10,0,25,24.4,0,27.8,17.6,18
0,3,91,6,0,15,79,0,6,0,0,21.3,0,26.6,19.8,18
3,6,82,9,0,0,79,0,21,0,22.6,17.6,0,29.6,21,18
0,3,85,12,0,12,85,0,3,0,0,23,0,29,18.8,18
0,3,69,28,0,6,56,14,24,0,23.4,19.6,0,25.7,19.7,6
3,3,79,15,0,0,15,9,76,0,28.2,26.6,0,24,19,13
0,3,79,18,0,0,44,0,56,0,24.3,22.1,0,26.4,18.6,13
3,3,68,26,0,0,18,9,73,0,27.4,26.7,0,27,23.1,13
6,9,70,15,0,0,9,18,73,0,23.4,0,24.5,28.3,19.4,13
3,15,56,26,0,3,35,18,44,0,27.5,26.7,0,30,19.8,13
3,21,55,21,0,0,3,35,62,0,22.8,0,26.8,27.5,21.4,13
3,9,73,15,0,0,3,33,64,0,20.9,0,24.8,27.2,19,13
0,6,85,9,0,0,41,12,47,0,25.6,20.6,0,28.5,20.5,13
6,12,70,15,0,0,9,44,47,0,23.7,0,26.7,28.5,20.2,13
3,12,62,23,0,3,12,21,64,0,23.5,0,26.8,24.8,19,13
3,9,64,24,0,0,47,3,50,0,22.3,21.1,0,30.3,24,5
3,3,56,38,0,0,21,3,76,0,21.1,19.8,0,28.8,23.8,5
0,3,65,32,0,0,41,6,53,0,21.7,19.8,0,18.1,16,5
3,3,74,21,0,21,47,6,26,0,21.4,20.5,0,21.5,18.2,5
6,15,50,29,0,0,18,3,79,0,22,21.5,0,21.9,19.1,5
3,9,47,41,0,0,12,18,70,0,21.1,18.9,0,28,18.6,5
3,18,41,38,0,0,29,3,68,0,0,0,0,28.7,25,5
6,12,59,24,0,0,24,18,58,0,23,22.3,0,31,20,5
3,12,70,15,0,0,46,3,51,0,23.9,22.9,0,24.8,19.3,5
0,3,91,6,0,9,81,0,10,0,20,19.3,0,26,17,5
3,6,79,12,0,38,50,3,9,0,0,21.2,0,29.9,18.6,5
3,15,61,21,0,0,56,0,44,0,20.9,19.1,0,29.4,20.8,5
6,12,67,15,0,3,50,3,44,0,22,20.4,0,28.3,20,5
0,7,79,14,0,21,48,7,24,0,20.5,19.1,0,30,20,5
9,12,44,35,0,0,35,9,56,0,20.2,19,0,29.5,18.9,5
3,21,41,35,0,0,44,0,56,0,23.1,20.9,0,30.2,19.1,5
3,9,73,15,0,0,55,6,39,0,22.2,21.1,0,30,20.8,5
3,15,56,26,0,3,35,3,59,0,22.2,19.9,0,30,20.4,5
6,18,41,35,0,0,24,15,62,0,22.1,21.4,0,30.5,18.5,5
0,3,73,24,0,0,56,0,44,0,22.8,21.5,0,25.2,18.9,5
9,9,44,38,0,6,84,0,10,0,23.6,19.5,0,29.5,21.1,5
0,6,57,37,0,18,79,0,3,0,0,22.7,0,27.63,20.3,5
0,6,76,18,0,0,62,0,38,0,22.2,20.5,0,24.4,16.3,5
0,3,62,36,0,0,82,0,18,0,24.2,21.3,0,27,21,5
6,12,58,24,0,0,41,0,59,0,22.2,19.7,0,23.7,16.4,15
9,9,56,26,0,3,38,0,59,0,22.2,20.2,0,29.7,17.5,15
9,18,52,21,0,0,26,6,68,0,19.9,17.9,0,31,19,15
3,9,68,21,0,0,26,0,74,0,24.2,22.7,0,29,22,15
0,3,82,15,15,68,17,0,0,0,0,22.6,0,29,22,5
3,21,50,26,0,33,67,0,0,0,0,21.7,0,25.9,20.1,5
0,18,47,25,6,32,62,0,0,0,0,22,0,27.9,19,5
12,24,35,29,0,41,59,0,0,0,0,20,0,27.2,19.3,5
12,26,32,29,0,15,65,0,20,0,21.9,18.8,0,25.5,20,5
3.6,14.3,60.7,21.4,0,3.4,76.6,0,20,0,22.2,20.6,0,19,17,3
0,3.5,60.8,35.7,0,15,85,0,0,0,0,22.1,0,22.5,18.2,3
0,3.6,67.8,28.6,0,9.8,71.2,0,19,0,0,22.1,0,25,18,3
3.6,3.6,67.8,25,0,10.1,75.3,0,14.6,0,24.6,21.8,0,26,18,13
0,10.7,75,14.2,0,12.6,80.5,1.6,5.3,0,0,26,0,27.2,24,13
0,14.2,64.4,21.4,0,16.5,71.3,0,12.2,0,0,25.3,0,20.9,15.9,13
0,0,71,29,0,7.5,71.5,0,21,0,28.4,21.1,0,23.3,19,13
3.5,14.2,57.3,25,0,7.2,75.6,0,17.2,0,21.7,19.8,0,28.7,22,13
0,3,85,12,0,26,65,0,9,0,0,23.6,0,28,19,13
0,16,66,18,6,12,45,3,34,0,27.4,18.6,0,28.5,21,13
0,3,84,13,0,6,88,0,6,0,27.9,20.3,0,27.7,21.8,13
0,12,68,21,0,0,6,9,85,0,25.9,0,28.2,28.3,19.4,13
6,6,50,38,0,0,9,3,88,0,29.9,23.7,0,27,21,13
0,10.7,60.7,28.6,0,19,69.5,0,11.5,0,0,22.1,0,27,24,9
0,7.1,75,17.9,0,0,82,0,18,0,22.3,18.6,0,23.4,19.2,9
0,6,82,12,0,0,0,70,30,0,23.8,0,26.4,26.8,19,2
4,0,86,11,9,35,56,0,0,0,0,19.6,0,28.3,22.7,5
7.1,7.1,71.6,14.2,0,9.5,80.5,0,10,0,20.5,19.8,0,28,15,5
0,3,76,21,0,24,66,0,10,0,0,21.9,0,26,17.3,5
0,6,82,12,13,19,65,0,3,0,0,23.1,0,28,21,5
0,3,82,15,0,35,65,0,0,0,0,22.5,0,27.8,21,5
3,6,59,32,0,6,76,0,18,0,21.8,19.8,0,28.3,19,5
3,9,76,12,0,9,53,0,38,0,22.3,21.7,0,26.2,19.5,5
9,17,45,29,0,0,26,6,68,0,24.9,21.7,0,27.5,20.8,5
0,9,50,41,0,0,21,7,72,0,23.3,20.8,0,28.1,21,5
3,6,64,27,0,0,15,10,75,0,24.1,20.5,0,28,20,15
3,3,85,9,0,0,18,0,82,0,23.1,22.5,0,27.8,19.8,15
3.6,3.6,64.2,28.6,0,18,72,0,10,0,0,20.8,0,20,17,3
7.1,14.3,50,28.6,1.3,59.6,39.1,0,0,0,0,21.1,0,28,17.1,14
3.6,3.6,82.1,10.7,4,10.5,85.5,0,0,0,0,22.5,0,28,22,14
0,3.6,78.5,17.9,0,41,49,0,10,0,0,18.5,0,24.6,18,14
7.1,14.3,46.5,32.1,0,17,83,0,0,0,0,21.7,0,23.5,20.9,14
0,7.1,71.5,21.4,0,5.8,84.2,0,10,0,22.5,20.2,0,27.1,17.5,14
7.1,14.2,64.5,14.2,0,8.4,87.4,0,4.2,0,0,21.2,0,24.8,15,14
0,0,89.3,10.7,0,13.2,72.1,0,14.7,0,0,25.5,0,28,21.2,11
7.1,10.7,64.3,17.9,0,35,65,0,0,0,0,21.4,0,26,21,11
3.6,14.3,67.9,14.3,9,9,60,0,22,0,25.9,17.8,0,26,19,11
3.6,18.9,52.5,25,0,0,3.9,20,76.1,0,17.5,0,24.7,28.5,20,11
8,13,47,32,0,5.7,74.3,0,20,0,0,21.4,0,23,15,5
9,15,47,29,6,12,65,2,15,0,21,19.3,0,25.5,16,5
12,24,35,29,19,23,48,3,7,0,0,20.9,0,28.7,22,5
0,12,76,12,0,27,64,0,9,0,0,23.8,0,21.8,14.5,5
6,19,42,32,6,15,73,0,6,0,0,22.2,0,27.5,24.4,5
14.3,28.6,25,32.1,0,9.3,72.9,0,17.8,0,22.3,20,0,27,21,5
6,16,46,32,0,19,78,0,3,0,0,21.1,0,21.2,14.3,5
6,18,50,26,0,24,66,0,10,0,0,21.6,0,24.5,16,5
0,15,53,32,0,27,73,0,0,0,0,21,0,27.2,22.3,5
3,26,38,32,0,41,56,0,3,0,0,20.1,0,27.4,19.4,5
3,12,53,32,0,35,65,0,0,0,0,21.4,0,27.8,20.6,5
19,21,36,24,0,24,67,3,6,0,0,23.1,0,22,13.8,5
9,12,56,24,0,31,63,3,3,0,0,22.5,0,23.5,17.6,5
3,15,53,29,0,47,53,0,0,0,0,21.5,0,27.5,19.4,5
15,18,41,26,0,12,88,0,0,0,0,22.9,0,27.7,21.9,5
3,9,62,26,0,32,59,3,6,0,0,20.9,0,23.4,14.6,5
17,24,25,34,0,21,69,0,10,0,0,21.3,0,24,18.6,5
9,24,38,29,0,0,40,7,53,0,22.9,21.4,0,27.8,23.6,5
9,18,48,25,0,0,29,0,71,0,20.8,19.1,0,25.5,18,5
12,15,44,29,0,26,48,0,26,0,0,20.8,0,18.5,15.8,5
3,21,47,29,0,24,70,0,6,0,0,20.8,0,24,17,18
3,18,50,29,0,40,44,4,12,0,21.6,18.1,0,28.8,22,18
9,21,38,32,0,21,70,3,6,0,0,20.2,0,27.5,22.1,18
0,18,50,32,0,3,76,0,21,0,27.4,20.6,0,27.3,22,13
0,19,46,35,0,18,76,0,6,0,0,25.4,0,27,23.3,13
0,12,71,18,0,26,71,0,3,0,0,26.3,0,27.7,19.8,13
3,18,47,32,0,6,73,0,21,0,21.7,20.1,0,28,23,13
6,9,74,12,0,0,59,0,41,0,27.5,24.4,0,24.7,19,13
0,3,85,12,0,12,62,0,26,0,24.7,21.4,0,24.7,19,13
0,3,91,6,0,18,58,3,21,0,24.9,22.3,0,22,18,13
3,18,62,18,0,3,58,0,39,0,27.5,23.1,0,0,27.6,13
6,12,67,15,0,8,54,0,38,0,24.8,19.4,0,29.2,18.6,13
6,9,76,9,0,6,59,0,35,0,23,19.9,0,28.9,19.4,13
3,7,78,12,0,3,60,2,35,0,25.6,23.2,0,28.4,19.1,13
12,26,32,29,0,0,85,0,15,0,25.1,22.2,0,30.4,24.8,13
0,0,85,15,0,0,0,56,44,0,23.1,0,24.5,18.5,14.8,2
0,0,87,13,0,0,0,71,29,0,20.7,0,23.7,27.2,19.2,2
0,0,79,21,0,0,0,53,47,0,20.5,0,24.3,28.1,19,2
12,19,41,28,0,0,0,85,15,0,19.6,0,23.2,30,20.6,2
3,9,52,36,0,0,0,41,59,0,22.4,0,25.7,29.4,23,2
0,3,91,6,0,0,0,68,32,0,20.9,0,23.9,31.9,20,2
0,3,82,15,0,0,9,65,26,0,20.9,0,21.9,30.3,23.6,2
0,3,85,12,0,0,0,82,18,0,21.2,0,27.2,23.5,19,2
0,6,76,18,0,0,0,81,19,0,20.7,0,22.6,24.3,21.6,2
0,6,85,9,0,0,0,84,16,0,24,0,25.2,24.5,18,2
3,3,79,15,0,0,0,81,19,0,24.8,0,25,19.8,3,2
3,6,82,9,0,0,0,82,18,0,22.3,0,25,19.9,3,2
3,9,74,15,0,0,0,87,13,0,23.7,0,25.1,23.9,15.3,2
12,21,41,26,0,0,0,82,18,0,24.8,0,26.8,27,21.3,2
3,3,85,9,0,0,0,81,19,0,25.3,0,26,27,20.3,2
3,15,65,18,0,0,0,94,6,0,25,0,28.1,27.6,19,2
0,3,71,26,0,0,0,94,6,0,21.8,0,26,30,19,2
9,21,44,26,0,18,76,0,6,0,0,19.8,0,29.2,26.5,5
9,21,35,35,0,12,70,0,18,0,21.2,18.4,0,26.2,20.8,5
6,11,61,22,0,12,79,0,9,0,0,23.2,0,28.4,22.8,5
6,9,53,32,0,18,72,0,10,0,0,21.1,0,27.9,20,5
3,12,68,18,0,26,64,0,10,0,0,20.3,0,27.5,21.3,5
32,26,18,24,0,0,12,9,79,0,25,22.2,0,24.7,18.2,15
0,3,91,6,0,0,71,0,29,0,24.3,21.9,0,19.3,3,15
10,26,34,30,0,0,12,6,82,0,25,24.8,0,27.5,18.7,15
14,21,44,21,0,0,4,20,76,0,23.2,0,24.8,29.4,19.2,15
5,20,51,24,0,0,29,3,68,0,25.5,25.4,0,28.5,18,15
6,12,62,21,0,0,29,6,65,0,25.8,22.4,0,29.5,22.2,15
6,9,62,24,0,0,44,0,56,0,25.5,22.4,0,26.8,19.2,15
12,15,50,24,0,0,6,15,79,0,22,0,26.4,26.5,18,15
12,12,50,26,0,0,12,29,59,0,25.7,23.5,0,29.1,18.2,15
6,12,59,24,0,0,24,18,58,0,27.7,24.5,0,30,20,15
3,5,82,10,0,0,9,6,85,0,25.2,20.4,0,28,18,15
3,3,84,10,0,0,6,3,91,0,24.7,22.4,0,28.2,17.8,15
3,5,85,7,0,0,6,3,91,0,23.1,22.2,0,31.9,21.6,15
3,9,73,15,0,0,3,0,97,0,22.2,19.8,0,32.5,22.7,15
15,24,32,29,0,0,18,6,76,0,26,23.9,0,30,19.8,15
0,3,76,21,0,3,67,0,30,0,24.2,23.7,0,30,20,15
18,21,38,24,0,0,3,18,79,0,25.5,0,26.9,30.5,17.2,15
16,21,35,28,0,0,12,6,82,0,25.8,24.5,0,30,18,15
3,9,70,18,0,0,24,3,73,0,25.9,22.7,0,30,23,15
3,9,79,9,0,0,29,6,65,0,24.1,21.5,0,30.1,19.9,15
0,3,91,6,0,0,26,3,71,0,21.4,19.4,0,24.9,16.8,15
3,6,79,12,0,0,18,0,82,0,23,19.2,0,30,18,15
9,15,44,32,0,0,16,3,81,0,22,20.6,0,31,20.4,15
5,7,62,26,0,0,29,0,71,0,21.8,20.8,0,28.6,23.9,15
32,29,15,24,0,0,32,3,65,0,26.4,22.2,0,30.9,21.6,15
9,9,65,18,18,73,9,0,0,17.4,0,0,0,27.6,18,18
0,3,81,16,0,29,71,0,0,0,0,19.3,0,28,18,18
3,3,71,24,0,39,51,0,10,0,0,21.7,0,28.5,19.1,18
0,3,65,32,0,26,71,0,3,0,0,22.3,0,29,20.1,18
0,9,56,35,0,47,53,0,0,0,0,22.1,0,18.5,16,18
0,3,71,26,0,41,56,0,3,0,0,20.3,0,21.8,18,18
3,6,65,26,0,41,59,0,0,0,0,19.7,0,21.1,19.2,18
3,6,65,26,0,26,74,0,0,0,0,20.5,0,26.9,18.4,18
0,12,70,18,0,26,74,0,0,0,0,21.5,0,28.1,18.4,18
0,3,71,26,0,18,76,0,6,0,0,22.1,0,29.5,21.4,18
9,15,47,29,0,15,85,0,0,0,0,18.2,0,29,23,18
9,17,44,29,0,18,76,0,6,0,0,21.8,0,29.2,19,18
3,6,82,9,0,0,21,0,79,0,21.7,18.1,0,31.6,21,18
0,3,73,24,0,9,76,0,15,0,21.1,20,0,23.5,18.6,18
3,12,53,32,0,3,53,0,44,0,21.2,20.2,0,24.6,18,18
0,3,85,12,0,0,24,0,76,0,26.3,21.9,0,30,20.5,16
3,6,65,26,0,0,29,3,68,0,24.6,21.6,0,29.6,23.5,16
7,7,68,18,0,13.4,76.8,0,9.8,0,0,20.6,0,24,21,14
3.5,21.4,53.7,21.4,0,16,74,0,10,0,21.7,18.5,0,29.5,25.5,14
0,6,79,15,3,59,38,0,0,0,0,19,0,30.9,22,14
0,9,73,18,7,33,60,0,0,0,0,21.9,0,28,20,14
6,12,58,24,16,39,45,0,0,0,0,22.2,0,25,15,14
0,21,55,24,12,58,30,0,0,0,0,23,0,28.2,20.4,14
3,15,47,35,0,38,62,0,0,0,0,20.8,0,27.2,21,14
3,6,71,21,0,15,79,3,3,0,0,25.3,0,27.7,20.1,11
6,9,67,18,0,13,56,0,31,0,0,27.3,0,28.9,20,13
0,3,71,26,0,53,44,0,3,0,0,25,0,28,21,13
0,3,85,12,0,35,65,0,0,0,0,23.1,0,25.8,18,13
0,0,79,21,0,29,68,0,3,0,0,25,0,27,20.8,13
0,0,75,25,3,26,68,0,3,0,0,23.6,0,26.8,17.6,13
0,15,70,15,0,24,67,3,6,0,0,25,0,0,26,13
0,3,78,19,0,24,73,0,3,0,0,23.3,0,23.2,13.4,13
0,3,81,6,0,3,88,0,9,0,26.1,20.9,0,26.8,19,13
0,3,91,6,0,0,56,15,29,0,27.1,21.7,0,26.8,17.6,2
0,3,91,6,0,0,21,21,58,0,26.9,23.1,0,25.9,18.4,2
0,3,91,6,0,0,3,36,61,0,22.2,0,27.5,26.3,13.6,2
0,3,73,24,0,0,0,82,18,0,21.6,0,23.5,26.8,19,2
0,2.9,85.4,11.7,0,0,12,4.4,83.6,0,27,21.6,0,24,17.6,2
0,3,91,6,0,0,3,71,26,0,19.9,0,23.3,25.6,20,2
3,6,85,6,0,0,3,82,15,0,22.5,0,25.8,24,20,2
3,9,76,12,0,0,0,88,12,0,24.7,0,28.8,25.4,18.2,2
0,3,91,6,0,0,3,53,44,0,21.6,0,27.3,24,16.8,2
0,3,94,3,0,0,3,91,6,0,25.5,0,28.4,26.3,18,2
0,6,85,9,0,0,41,0,59,0,26.3,24.1,0,26.5,17.4,2
0,17.8,58,25,0,12.5,72,0,15.5,0,20.7,18.3,0,26.8,19,5
0,11.7,76.6,11.7,0,12.7,67.3,0,20,0,21.4,19.7,0,24,17.6,5
0,12,70,18,0,0,61,0,39,0,20.6,18.7,0,28.2,20,5
12,21,35,32,0,0,60,0,40,0,22.3,20.2,0,24,20,5
3,18,53,26,0,0,38,3,59,0,21.8,19.5,0,25.7,18.1,5
0,15,67,18,0,7,53,0,40,0,21.3,18.4,0,26.3,17.8,5
0,0,77,23,0,3,79,0,18,0,22.2,21.1,0,26.5,17.1,5
0,3,82,15,0,18,73,0,9,0,0,22.4,0,26.4,16.8,5
6,9,53,32,0,11,50,0,39,0,22.1,19.7,0,28,20,5
0,3,91,6,0,0,9,12,79,0,22.2,0,23.7,24.8,16.8,15
3,6,76,15,0,0,21,9,70,0,23.3,21.7,0,27.2,20,15
0,3,88,9,0,0,29,6,65,0,21.1,20.8,0,25.8,17.9,15
0,3,82,15,0,0,3,3,94,0,22.9,21.3,0,28.9,18.2,15
0,3,91,6,0,0,24,6,70,0,22.6,21.7,0,29.6,20.6,15
0,3,88,9,0,0,12,9,79,0,22,21.5,0,28.9,23,15
0,3,88,9,0,0,15,6,79,0,23.5,22.5,0,27.2,16.9,15
0,3,88,6,0,0,32,9,59,0,23.2,21.2,0,29.5,17,15
0,6,74,20,0,0,21,0,79,0,24,21.8,0,28.8,15.9,15
3,3,85,9,0,9,72,0,19,0,23.6,20.6,0,27,16.3,18
3,15,53,29,0,6,68,0,26,0,23.4,21.7,0,29,22,18
0,3,71,26,0,3,76,0,21,0,21.3,20.6,0,29.8,18.7,18
6,6,59,29,0,21,61,3,15,0,0,19.8,0,23,18.9,5
0,7,68,25,0,13,79.6,0,7.4,0,27,23.6,0,24,18,13
0,9,73,18,0,18,50,7,25,0,23.1,19.7,0,28,23,13
0,6,70,24,0,0,74,0,26,0,24.5,23.4,0,28,20,13
0,12,70,18,0,29,55,4,12,0,26.3,22.6,0,28,20,13
0,9,70,21,0,18,73,0,9,0,0,25,0,18.7,17.2,13
3,3,82,12,0,25,59,0,16,0,0,23.3,0,23.9,19.7,13
3,6,74,18,0,24,54,3,19,0,0,22.1,0,27.5,21.4,13
0,3,79,18,0,18,76,0,6,0,0,25.7,0,27,21.6,13
6,12,64,18,0,7,82,0,11,0,24.2,22.6,0,21.1,15,13
3,15,68,15,0,9,79,6,6,0,0,22.8,0,25,18,13
3.6,7.1,82.1,7.1,0,0,12.5,25.4,62.1,0,21.6,0,27,27,25,2
0,4,93,4,0,12.6,59.4,0,28,0,29.5,19.4,0,25.2,20,2
3.5,7.1,60.9,28.5,0,6.9,74,0,19.1,0,20.2,18.1,0,18,14.7,5
0,8.8,79.5,11.7,0,11,72.7,0,16.3,0,22.5,18.1,0,24.2,18.7,5
6.6,10.1,66.7,16.6,0,7.3,76.1,0,16.6,0,20.8,18.8,0,28.2,18,5
0,9,62,29,6,20,64,0,10,0,0,22.9,0,28,18,5
0,0,71.4,28.6,0,5.2,84.8,0,10,0,21.1,18.3,0,28.1,25,5
2.9,2.9,73.7,20.5,0,5.8,81.6,0,12.6,0,20.5,19,0,21,13.2,5
11.7,11.7,41.4,35.2,0,9.7,76.6,0,13.7,0,21.8,17.7,0,25,19,5
0,9,65,26,0,24,76,0,0,0,0,21.1,0,26,21.4,5
0,9,73,18,9,21,67,0,3,0,0,20.3,0,26.8,22,5
0,3,69,28,16,31,47,0,6,0,0,17.1,0,25,16,5
8.8,23.5,41.3,26.4,0,11.9,63,0,25.1,0,20.9,18.7,0,23.2,14,5
0,3,79,18,0,21,62,0,17,0,22.7,21.4,0,28,22,5
3,15,68,15,0,9,81,4,6,0,0,20.9,0,26.8,19.3,5
9,26,35,29,0,12,82,0,6,0,0,20.1,0,27.5,18,5
6,26,44,26,0,35,47,6,12,0,0,21.6,0,27.8,23.5,5
12,26,35,26,0,23,74,0,3,0,0,22.1,0,26.3,20.6,5
0,6,79,15,0,35,65,0,0,0,0,20.5,0,22.4,15,5
9,21,47,24,0,13,75,3,9,0,0,22,0,27.1,17.2,5
9,12,44,35,0,13,84,0,3,0,0,22.6,0,27.3,20,5
0,3.4,79.3,17.3,0,18.1,76.7,0,5.2,0,0,21.8,0,25,19,1
21.4,35.7,17.9,25,0,11.2,69.6,0,19.2,0,0,22.3,0,28.3,20.6,1
0,4,77,19,8,30,54,0,8,0,0,25.3,0,23,19,1
0,7,34,59,0,0,75,0,25,0,22.3,17.9,0,30,26,1
0,7,50,43,0,14,61,0,25,0,24.4,17.6,0,28,22.4,1
0,3,91,6,0,0,21,6,73,0,22.9,21,0,19.7,17,15
0,3,81,6,0,0,26,0,74,0,22.4,20,0,22,18,15
0,3,80,17,0,0,6,15,79,0,19.3,0,23.7,25.4,20.6,15
3,9,65,24,0,0,14,10,76,0,23.1,21.5,0,30.5,21,15
0,9,65,26,0,6,91,0,3,0,0,20,0,22,18,18
0,3,62,35,0,21,70,0,9,0,0,20.2,0,24.4,19.3,18
6,15,64,15,0,10,84,0,6,0,21.6,18.3,0,24.8,20,18
3,26,39,32,0,6,84,0,10,0,0,18.5,0,26.7,22,18
6,16,44,24,0,0,70,0,30,0,20.6,17.9,0,27.2,19,18
3,15,64,18,0,18,64,0,18,0,0,19.2,0,23.8,17.2,18
3,9,68,21,0,6,84,0,10,0,21.1,18.3,0,24.2,19,18
3,6,59,32,0,3,82,0,15,0,20.2,19.4,0,28,23,18
3,18,38,41,0,10,81,0,9,0,21.3,18.7,0,28.5,20.2,18
9,9,44,38,0,16,74,0,10,0,0,20.6,0,28.1,24.1,18
6,18,47,29,0,6,68,0,26,0,20.9,19.4,0,25.5,16.7,18
12,26,33,29,0,12,79,0,9,0,0,22.1,0,29,20.1,18
3,21,52,24,0,3,87,0,10,0,19.8,17.5,0,30.5,20.6,18
7,14,54,25,35,50,15,0,0,0,0,19.5,0,23.2,17,1
