durofel,color,max_brix,Variety
65,3.106,16.5,1
65.14,2.18,16.1,1
65.22,3.472,25,1
67.11,2.879,17.1,1
65.08,2.79,20,1
65,2.54,20,1
66.05,2.562,25.1,1
68.45,21.107,19,1
65.08,3.1936,25,1
66.05,2.856,25,1
67.19,2.6,25.4,1
66.86,2.39,25.4,1
73,2.528,20.6,1
66.76,2.588,22.6,1
68.13,2.55,17.9,1
69.23,3.4,21,1
67.42,2.66,15.7,1
68.27,2.348,22,1
69.96,2.7,16.8,1
65.14,3.01,20.2,1
66.3,2.184,23,1
69.61,3.116,20,1
67.63,2.72,17.6,1
65,2.52,17.2,1
66.71,2.59,17.5,1
65.6,3.18,24.2,1
67.46,2.758,19,1
71.33,3.15,22.5,1
66.06,2.733,19.04,1
66.16,2.812,17.7,1
73.95,2.715,18.5,1
77.86,3.106,26,1
72.33,3.262,19.9,1
76.11,2.922,23,1
74.89,2.746,19.1,1
75.14,2.79,27,1
78.42,2.67,27,1
75.38,3.332,28,1
77.94,3.03,27,1
73.95,2.812,19.9,1
73.95,2.767,16.3,1
73.94,3.318,27,1
69.53,3.19,27.7,1
74.4,3.208,22,1
72.26,2.714,17.3,1
77.31,3.48,29,1
72.86,3.29,29,1
71.43,3.536,29,1
67.21,2.994,29,1
75.76,3.088,29,1
71.61,3.19,31,4
73.56,2.776,18.3,1
74.82,3.416,27,1
73.63,2.672,17.8,1
71.89,3.284,22,1
70.62,3.37,23,1
67.88,2.922,23,1
73.79,2.709,17,1
76.74,3.358,24,1
78.42,3.188,24,1
74.75,2.896,25.2,1
67.64,3.328,25,1
66.52,2.84,18.2,1
73.1,2.651,22.7,1
74.78,2.834,18.2,3
69.04,3.317,18,1
75.97,0.894,20.5,3
73.53,2.855,22.1,1
66.75,2.794,17,1
72.47,2.78,18,1
74.3,3.142,29,1
70.62,2.863,19.9,1
73.81,2.761,18.8,3
69.7,2.78,16.3,1
67.22,2.863,20.3,1
72.54,3.119,17.7,3
74.57,2.858,19.3,1
76.68,3.316,27,3
74.78,2.925,22.2,3
70.9,2.984,21.5,1
73,2.758,17.3,3
72.57,2.72,20.9,3
75.94,3.308,26,3
74.5,2.666,16.8,4
69.22,3.312,27,1
70.86,3.092,24.6,4
78.99,3.456,19.6,3
76.64,3.45,22,3
78.5,2.9,19.7,3
72.24,3.101,17.5,1
71.66,2.889,19.8,3
75.77,2.863,20.6,1
77.59,3.028,25,3
73.18,2.851,19.4,1
71.04,2.974,19.3,3
72.4,2.982,24.9,3
76.96,2.694,28,1
71.26,2.983,22,1
74.36,2.847,26,3
76.39,3.224,26,3
76.43,2.302,19.2,3
70.17,3.39,25,1
71.17,3.416,25,3
73.63,3.578,19.5,3
67.22,2.924,19,3
72.71,3.019,22,1
71.67,2.961,23.4,1
71.29,2.902,25.5,1
73.35,3.414,23,3
73.07,2.796,17.2,3
70.93,2.934,23,1
74.61,2.973,26.6,1
75.27,2.785,18.9,3
72.3,3.362,24,5
78.25,2.928,23,3
75.77,3.07,19.6,1
71.12,2.462,18.8,3
76.92,2.97,21.2,3
74.09,2.9,17.3,3
75.41,2.996,18.4,3
70.23,2.809,18.1,5
71.6,2.723,19.3,4
73.04,2.946,21,1
73.91,2.98,18.6,3
73.81,3.478,26,1
67.85,3.064,25,7
72.97,2.859,19.8,3
75.21,2.757,18.4,6
76.6,2.716,20.4,3
72.23,2.796,18.4,3
70.79,2.979,24.5,3
72.02,3.05,18.3,3
75.21,2.786,17.8,3
15.403,1.584,24,3
70.02,2.908,17.2,5
73.59,2.736,24.6,3
75.97,2.898,17.7,3
74.85,2.452,19.2,6
77.69,2.946,21.2,3
73.53,2.881,18.2,3
75.35,2.591,17.4,6
72.82,2.659,20.2,8
69.29,2.763,20.3,9
72.16,2.957,25,3
70.76,2.956,26.1,3
76.74,2.813,21.4,3
69.71,2.959,26.3,3
74.64,2.919,19.3,3
76.33,2.832,19.6,3
70.59,2.624,26,3
76.5,2.655,23.2,3
77.1,2.359,18.8,3
4.161,2.063,26,3
77.23,2.891,18.9,3
72.55,2.954,19.2,3
71.15,2.968,19.2,3
79.01,2.496,21.3,3
75.77,1.84,21.1,3
76.77,2.268,21.2,5
75.8,3.014,19.4,3
68.62,2.985,19.3,3
78,2.868,21.7,3
68.55,2.944,24.6,3
74.78,2.961,26.5,3
74.3,2.876,18.1,3
71.59,3.013,25.5,3
70.83,2.836,21.8,8
72.76,2.847,20.7,5
76.82,3.014,24,3
67.08,3.003,19.2,3
71.64,2.243,22.4,3
76.35,2.872,24.5,3
73.14,2.225,22,11
75.83,2.112,25.8,5
75.45,3.017,20.7,3
77.34,2.864,20.7,3
71.5,2.786,23.3,10
75.27,2.262,18.7,3
76.11,3.055,20.1,3
79.51,2.947,18,3
78.6,2.88,25.6,1
68.45,2.746,21.6,3
76.26,2.967,19.5,3
75.21,3.069,20.6,3
72.82,2.944,17.1,3
71.6,2.552,18.3,7
71.25,2.897,16.1,3
72.24,2.981,20,3
73.81,2.87,24.2,1
75.87,3.278,18.8,3
30.11,5.205,20,3
77.02,3.361,24,3
66.34,3.58,19.1,3
68.63,2.579,21.8,8
66.38,2.958,18.9,3
71.57,2.995,24,3
71,3.087,16.3,3
71.49,3.286,24.8,13
76.05,3.196,24.8,3
74.12,2.916,24,3
77.2,2.987,18,3
69.5,2.12,24,3
72.03,3.01,24,3
76.74,3.079,19.4,3
73.35,2.936,26,3
72.62,2.93,16.8,3
77.02,4.931,26,5
73.81,3.35,26,3
71.98,3.071,26,3
76.08,2.942,21.1,3
73.31,3.141,18.9,3
74.58,3.065,24.7,13
74.92,2.754,20.9,1
68.83,2.988,20.9,5
75.21,3.056,16.8,3
71.81,2.707,19,8
72.26,2.474,20.7,3
73.87,2.972,24.3,12
74.93,2.851,20.1,5
68.09,3.167,21.2,3
72.34,2.962,23.1,13
75.97,2.742,21,3
75.38,2.294,24.6,3
75.87,2.681,26,13
71.25,3.022,22,3
72.65,3.043,24.2,3
75.87,2.813,22,1
74.22,2.804,22,5
68.77,2.997,24,3
69.29,3.019,24.6,3
68.44,1.288,19.6,3
71.47,3.244,25,13
73.71,2.94,25,3
70.89,3.081,20,3
73.38,2.964,25,3
75.55,3.056,26,3
76.99,2.805,25,1
72.26,2.864,26,3
70.83,2.936,25,5
72.12,2.774,25,5
73.39,1.736,25,5
67.75,3.121,27.4,3
74.26,2.945,21.1,12
76.6,2.737,18.8,3
71.22,3.083,29,3
78.91,3.068,28,3
73.98,2.823,26,13
74.78,2.048,25,5
71.08,3.001,26,3
73.56,2.822,18.5,3
75.03,2.898,26,5
76.11,2.99,25,13
77.2,3.052,23.6,3
71.57,3.003,20.6,3
71.1,3.301,20.2,3
77.34,3.158,20.2,3
72.3,2.928,20.8,3
76.32,2.975,26,3
74.41,2.339,28,13
71.84,3.013,23.7,3
71.42,3.086,17.9,3
74.78,2.965,19.9,5
77.02,2.966,17.8,3
75.8,1.394,22.8,5
75.77,3.004,21.8,12
74.58,2.695,24,11
76.99,3.011,19,3
70.84,3.664,25.5,3
74.2,2.95,21.4,13
77.93,2.876,19.5,3
73.67,2.947,21,5
72.37,3.446,21.7,8
69.18,2.255,21.7,3
75.24,3.042,21.9,3
70.12,3.055,21.8,1
68.1,2.66,23,3
66.94,3.097,22.5,3
73.73,2.911,26.6,13
72.72,2.453,26,13
67.99,3.047,26,3
75.69,3.103,24.2,3
74.12,2.196,23.5,14
73.11,2.5,18.1,5
74.34,3.02,23.7,11
72.1,2.784,23.7,3
73.31,2.949,18,3
78,2.99,18.6,13
72.02,3.198,20.8,13
68.31,3.438,22,3
72.44,3.017,21.5,3
72.08,2.599,19.5,5
72.3,3.13,17.5,3
71.53,2.869,23.8,5
75.21,2.587,21.8,5
75.27,2.954,22.7,13
73.74,2.741,24.9,12
71.07,2.899,17.4,5
74.82,2.868,19,3
71.84,3.068,22.4,3
74.45,2.956,17.8,3
74.64,3.3,24,3
77.9,2.992,22,3
77.94,1.758,21.8,11
72.93,2.835,22.2,3
78.46,2.959,19.8,3
77.37,2.934,18.9,14
78.42,2.89,19.2,12
71.31,2.906,21.7,5
72.73,2.991,22.1,3
77.41,2.988,22.4,3
77.51,2.926,22.7,13
76.11,2.976,20.5,3
74.61,2.972,20.4,3
74.57,3.005,20.1,3
77.17,2.965,24,3
75.97,1.824,22,5
76.18,2.85,24,3
78.91,2.88,21.5,13
77.44,3.082,27.4,13
75.97,3.012,18.3,3
76.46,2.929,26.9,3
72.54,2.084,28.5,3
71.08,2.144,26.9,3
69.01,2.732,27.5,8
73.56,2.156,27.5,3
74.4,2.874,28,12
76.78,4.829,27.8,3
71.85,2.864,27.8,5
77.31,2.878,27.8,13
78.7,3.318,28,3
67.66,2.68,28,3
72.68,2.644,28,11
75.03,2.775,21.1,13
70.7,2.126,28.1,3
76.11,2.88,28,3
71.39,2.912,28,3
70.44,2.892,26,13
73.1,3.448,28,3
73.21,3.356,21.8,11
71.91,2.579,28,3
76.74,2.897,22.3,3
71.66,2.888,28,3
75,3.111,22.6,3
77.51,2.97,21.9,3
46.14,3,21.9,3
73.49,2.942,21.9,5
75.63,3.03,22.4,13
73.53,2.901,23.3,13
79.43,2.204,25,3
76.29,3.184,22,3
73.18,2.894,25.6,13
73.59,3.059,22.8,3
74.08,3.187,26,3
72.9,2.885,26,5
79.4,3.044,23.6,2
75.77,3.017,19.9,3
72.72,2.827,18.8,5
73.63,2.144,20.8,5
72.47,2.064,21.6,11
72.5,2.345,19,3
75.91,2.129,22,3
74.72,2.096,21.9,3
73.91,1.784,24,5
76.78,2.808,21.3,11
71.33,2.265,23.6,3
70.89,2.98,29.5,14
75.69,2.908,23.8,5
78.52,2.402,24,3
71.59,2.877,24,13
68.97,3.596,24.3,11
72.09,2.955,23.9,8
71.31,2.306,20,3
73.99,2.12,25.7,2
69.67,3.034,22,14
72.51,2.099,20,3
70.91,2.608,20,13
72.05,3.125,20,3
76.01,1.136,20,13
68.83,2.818,22.2,3
71.45,2.285,20,3
74.86,2.93,20,5
70.01,2.9,20,14
75.14,2.222,22,3
77.17,2.54,22.7,3
75.16,2.888,21.7,3
70.48,2.638,22.7,13
73.63,2.164,22,5
72.51,2.88,22,5
72.48,2.332,21.2,11
74.78,4.541,22.8,3
76.74,2.66,20,5
75.98,3.47,22.3,5
75.98,2.02,20,5
74.92,2.9,20.5,3
76.96,2.06,24.3,13
74.68,1.192,23,13
76.82,2.75,20.4,3
77.2,2.144,24.7,13
76.26,3.588,21.4,11
72.76,3.684,21.3,5
75.1,3.027,16,3
73.87,2.93,16,3
76.11,2.66,21,3
74.15,3.354,22.1,11
73.81,2.69,20.5,5
74.37,2.954,20.6,14
75.66,2.492,21.1,5
75.69,3.61,20.4,3
73.92,2.894,18.3,5
74.58,2.126,17.7,3
74.78,2.087,19.6,3
74.68,2.884,17.4,5
66.24,2.189,18,3
76.25,2.95,17.4,5
73.01,2.942,16,5
69.16,2.958,20.6,8
71.91,2.411,21.9,5
74.82,2.063,18.6,3
73.25,2.95,20,13
75.67,3.011,20.1,3
77.51,2.644,17,11
73.67,2.117,21.2,3
75.74,2.408,20.5,3
74.86,2.195,24.1,13
74.82,2.27,21.3,3
71.12,2.986,21.7,13
70.76,2.89,18.8,5
69.42,2.974,19.9,14
73.32,3.536,20,11
72.65,2.966,19.9,5
73.81,2.924,19.7,13
70.68,2.994,16,14
71.43,2.27,19.5,5
72.3,2.944,17.3,5
77.1,2.87,18.5,5
75.13,2.987,17.5,9
79.48,2.952,22.3,13
73.51,2.964,20,5
77.02,3.068,17,3
77.86,2.936,20.8,3
74.89,2.96,20,3
72.52,2.788,19,5
74.82,2.773,18,13
75.35,2.195,18.1,5
79.72,2.781,21.7,5
76.92,2.926,19.6,5
76.54,2.979,24.6,13
78.11,2.868,19,5
76.96,2.887,18.4,14
75.55,2.492,18,3
76.21,2.906,19.7,5
74.78,2.258,23.9,13
74.3,2.788,22.8,5
79.4,2.87,17.2,5
73.1,2.156,18.8,3
78.99,3.021,20.5,3
75.83,2.096,19.4,3
77.68,2.889,21.2,13
74.09,2.947,19.4,13
75.35,2.887,19,5
78.42,2.894,21.9,13
74.16,2.967,19.5,5
76.78,2.884,21.3,13
76.43,2.887,22.9,13
73.81,3.029,17.5,3
74.96,2.834,20.4,5
71.91,2.96,20,5
73.67,2.968,22.9,14
72.65,1.028,20.5,13
72.9,2.968,22.9,14
74.86,2.925,18.1,5
74.58,3.057,20,3
72.48,2.942,21.2,5
73.92,3.022,23.6,13
76.6,2.894,20.6,5
74.64,3.026,20,3
68.84,2.192,19,5
73.63,2.201,20,3
71.84,3.091,19,3
72.33,2.996,20.5,13
75.77,2.974,23.8,13
72.72,2.102,20,3
72.68,2.339,21.2,3
72.23,2.877,20.6,10
75.55,3.574,21.4,5
73.45,3.009,23.2,13
74.26,2.24,22.7,13
72.48,2.87,20,5
73.59,2.072,23,13
73.39,2.243,20.2,3
77.94,2.114,22.1,13
70.73,3.06,20,14
72.27,3.542,21,11
70.2,3.012,19.9,5
71.07,2.156,20,13
75.69,2.954,20,14
73.07,3.01,22,13
76.46,2.96,20,5
74.01,2.075,20.6,3
72.54,2.987,20,3
74.58,2.186,20.5,5
77.34,2.954,22,13
74.3,2.926,25,5
73.59,2.964,25,5
75.91,2.907,24,5
75.59,3.538,18.2,5
77.09,3.578,20.2,5
78,2.921,20.2,13
73.31,2.86,19,5
74.29,2.97,20,5
70.3,2.117,19,3
74.65,2.207,21.5,13
74.99,2.766,22.3,13
74.72,2.958,27.2,5
75.06,2.728,20,5
77.93,2.924,27.2,5
67.33,2.081,20.3,3
75.52,2.892,20,5
72.09,2.024,21.5,13
70.3,2.066,20,14
76.36,2.885,23.6,13
76.92,3.007,23,5
75.38,2.973,21.3,13
76.74,3.544,20.3,5
76.75,3,22,5
75.13,3.546,21.3,5
72.71,2.396,20,3
73.98,2.888,20,12
77.24,2.06,20,13
75.7,2.036,21,6
72.36,2.117,22,3
74.51,2.072,23,13
75.77,2.06,24,13
76.78,2.096,23,13
72.97,2.051,22,6
76.32,2.927,23,5
75.55,2.974,22,11
72.59,3.014,24,13
74.89,3.003,22,11
75.49,2.942,22,13
75.42,2.069,23.9,13
73.21,3.026,23,5
73.28,3.003,24,11
72.65,2.911,23,14
77.51,2.957,25,5
74.09,2.949,24,13
67.04,2.985,24,10
73.46,2.308,24,11
73.39,2.036,24,13
73.46,2.976,24,5
76.26,2.916,24.5,5
73.07,2.977,19.8,13
74.44,3.372,25,11
70.41,2.892,24,5
73,2.97,25,5
76.85,2.976,25,5
75.28,2.036,25,13
72.86,2.95,25.5,13
76.89,2.927,25.5,5
72.9,2.114,25.3,3
78.95,2.902,25,5
77.51,2.834,24.5,5
79.43,2.99,22,5
78.53,2.874,24,5
76.11,2.986,25,3
77.06,2.96,24.5,13
78.42,2.93,24,5
79.92,2.138,25.6,5
78.11,2.982,25,13
76.11,2.886,25.6,3
77.41,2.048,25,5
74.61,2.093,24.3,13
78.7,2.156,18.9,13
77.27,0.836,18,5
78.14,0.986,24.3,13
79.51,0.07,19,5
78.74,0.3,18.3,3
79.51,3.313,19,3
78.42,0.787,18,5
77.51,0.748,18,5
78.11,0.223,19.6,13
79.4,0.141,19,6
77.69,2.38,22.5,13
71.6,1.011,19,3
79.4,0.833,20,5
77.44,1.349,20.5,13
77.2,0.159,21.5,13
76.92,0.211,22,13
76.5,0.835,21,5
78.42,0.968,20,13
72.89,1.878,20,3
79.51,0.018,20,5
79.51,0.18,20,5
76.46,2.798,22,3
70.7,0.793,22,13
70.98,1.394,21,13
78,1.236,21,13
75.48,0.039,22,5
77.26,0.12,19.4,5
77.09,1.743,22,5
74.82,3.199,22,13
76.81,0.732,22.6,5
76.29,0.979,22,13
76.18,0.182,23,3
74.68,3.046,23,13
73.7,3.042,23,13
79.72,2.064,22,5
75.45,2.38,20,5
75.84,2.852,19.2,13
72.82,2.765,19.6,13
73.46,1.992,23,5
77.41,2.903,22,13
74.09,2.974,23.4,13
75.2,3.038,18,11
74.47,2.555,24,5
74.64,1.992,24,5
76.11,3.721,20,5
73.7,2.961,24.6,13
73.59,2.743,24.6,13
76.25,3.042,22,13
71.53,2.105,24,13
75.38,2.086,24,2
72.58,3.497,22.4,13
77.55,2.794,23,5
75.55,2.768,24,5
74.01,4.016,22.4,13
75.73,2.014,23,13
79.92,2.496,23.5,5
77.31,2.886,23,13
78,2.992,21.2,5
78.5,2.295,24,5
77.93,3.698,23.4,13
75.97,2.138,24,3
75.24,2.42,24,5
77.23,3.986,22.8,13
74.09,2.484,22,5
77.59,2.56,22.2,13
76.89,2.252,22,5
73.67,2.824,22.4,5
76.67,4.394,20,13
74.29,3.025,20.8,5
77.41,3.02,20.4,5
77.23,3.055,23,13
77.76,2.994,22.2,13
78.91,2.517,20.2,5
72.61,3.068,20.8,5
75.97,2.933,20,5
79.01,2.888,19.9,5
75.77,2.813,21.7,5
76.54,2.906,21.8,13
76.99,3.005,19,5
75.77,2.767,21.4,14
74.78,3.102,21,13
78.6,3.033,20,11
74.71,2.978,20,13
74.93,3.004,20,11
76.67,3.059,21.2,13
74.72,2.916,20,14
74.79,3.019,20,5
75.35,2.979,23,13
77.23,2.426,22,13
78.99,2.828,20,2
77.41,2.936,23,13
75.77,3.008,23,5
75.13,3.043,21.3,13
74.29,2.973,20,14
76.75,2.871,27,5
77.55,3.202,23,3
78.91,2.435,20,5
73.84,2.742,23,5
75.1,2.882,23,5
72.65,3.009,23,5
71.25,3.065,22,13
75.87,2.972,23,13
73.46,2.566,23,5
75.41,2.82,23,5
75.41,2.934,23,5
77.73,3.069,23,5
74.86,2.622,23,11
77.44,3.07,19.2,5
75.38,2.194,23,5
77.02,2.911,24,13
77.73,2.759,18,5
79.23,2.953,18.7,5
77.51,2.025,21,5
79.02,2.923,22,3
78.01,2.94,23,5
77.48,2.324,23,5
78.6,2.181,23,5
76.85,2.206,19,5
76.53,2.804,19,5
75.45,2.952,19,13
76.25,2.866,18.4,5
74.86,2.979,19.4,13
73.6,2.793,19.1,5
72.83,3.037,21,13
76.46,2.994,19.5,5
76.68,2.17,19.6,5
76.08,2.795,20,5
77.41,3.016,22.8,13
74.36,3.007,18.2,13
76.15,2.916,20,5
76.89,2.333,20,5
76.26,2.82,22.6,5
78.91,3.074,22.8,13
75.77,2.793,21.7,13
74.4,2.114,20,13
73.46,2.5,21,5
73.53,2.985,24,5
73.91,3.557,24.5,5
78.08,2.981,20.1,5
76.95,2.968,24,13
58.9,2.557,23,5
76.12,3.053,26,5
76.82,2.911,23,13
69.93,2.678,25,13
73.98,2.844,20,14
76.4,2.778,25,5
76.6,2.91,24,5
77.31,3.405,20.2,5
77.1,3.029,19.5,5
73.85,3.055,23,5
73.95,2.994,23,5
76.25,3.464,24,2
74.47,3.006,23,13
61.92,3.055,23,13
74.43,2.634,25,14
73.91,3.036,23,13
72.62,2.697,23,11
77.02,3.003,23,5
74.12,2.414,23,5
77.97,2.987,23,5
78.28,2.968,23,13
77.17,2.559,24,5
77.06,3.032,19.5,5
78.18,2.76,24,5
76.82,4.534,24,2
76.18,3.116,20.7,13
72.61,2.952,24,5
77.83,3,23,3
73.81,2.297,25,13
74.37,2.209,23,5
75.1,2.792,19,5
77.51,2.761,20,5
78.99,3.137,22.2,13
77.59,2.667,24,9
77.93,2.999,24.5,5
72.87,3.757,25,13
74.72,2.947,23,13
76.53,2.571,23,5
75.77,3.066,23,5
77.41,2.878,19.8,5
77.44,0.816,20,5
78.11,2.183,19,13
78.49,3.014,18.9,11
74.51,2.215,20,13
78.52,2.154,20,5
78,3.779,21.2,13
79.02,2.958,21.6,5
77.93,4.235,24.2,14
79.51,3.996,23,2
78.32,4.64,23,13
76.43,3.187,19.5,5
76.85,3.092,19.5,13
75.52,3.201,21.6,11
77.27,2.069,21.2,5
77.55,2.012,20.6,5
79.51,3.174,19.8,5
79.51,2.949,21.6,5
79.51,2.727,17.5,5
78.99,3.046,20.4,13
77.02,3.129,21.8,5
76.81,3.031,21.6,5
77.83,2.9,21,13
77.94,1.126,22,13
72.55,2.906,20,5
76.26,2.992,20,5
77.41,2.142,20,5
73.74,2.968,20,14
76.67,2.303,21.8,5
75.77,2.89,20,5
79.72,3.006,21,5
78.99,2.978,28.8,13
75,3.018,21,5
79.51,2.109,20,5
74.72,3.828,20,3
77.94,3.065,20,5
74.77,2.907,23.7,13
75.55,2.103,20,5
74.23,2.57,22.4,13
78.5,1.45,26.2,5
76.71,3.645,17.1,13
74.16,3.814,24,13
78.6,4.84,20,2
79.19,2.687,23,5
77.51,2.958,24,13
78.5,2.719,22,5
77.65,3.254,23,13
76.33,3.118,22.6,2
78.74,2.694,23,5
75.34,2.932,22,5
72.93,4.154,24,13
76.46,5.112,25,5
76.4,2.826,24,5
74.12,4.568,22,14
75.77,2.807,23,5
72.87,2.975,22,14
73.91,3.048,20,13
74.68,2.966,25,13
78.52,2.85,22,13
75.34,2.975,25,5
75.21,4.394,23,5
74.08,2.946,25,5
73.59,3.061,25,5
76.36,2.83,25,5
76.46,3.328,25,3
77.09,3.34,25,2
76.35,2.878,24,5
78.01,3.057,25,5
79.19,2.811,25,5
75.2,3.037,26,3
74.86,2.762,24,5
78.91,3.536,25,5
76.85,2.947,20,5
71.68,4.377,25,13
75.34,2.943,25,5
77.9,2.936,25,5
71.82,4.111,26,13
75.31,2.862,25,5
73.24,3.105,25,13
75.31,3.011,17,5
73.21,2.821,17.7,13
74.22,2.983,18.8,11
72.27,2.96,25,5
73.35,3.078,24,13
74.51,2.988,25,5
78.7,3.095,20,5
76.26,2.429,21.1,5
78.91,3.181,32.2,13
78.7,3.052,20,5
75.66,3.004,19,5
77.93,2.15,20,5
75.21,2.97,20,13
78.49,3.099,20,5
76.05,2.913,20.2,13
76.25,2.834,20.2,13
78.99,2.911,21.2,13
77.09,3.22,20,5
79.02,3.415,21.7,2
79.92,2.837,27.7,13
79.09,2.909,22,5
76.74,3.345,22.5,13
80,2.917,25,13
77.34,3.963,25,5
71.53,3.029,25,13
76.29,2.984,25,5
77.23,3.106,20.6,13
79.02,2.081,25,14
76.92,3.031,25,5
76.5,3.084,25,13
73.53,3.291,18.8,5
79.68,3.372,25,3
74.33,3.153,21.6,13
75.28,3.145,25,5
74.29,3.041,25,13
73.77,3.861,23.2,13
76.12,4.4,26,13
73.81,2.696,16.8,5
74.22,3.053,22,5
73.5,2.749,25,5
79.19,4.689,26,13
76.26,2.948,26.7,13
76.85,2.971,26,13
73.95,2.867,26,5
74.58,3.076,25,5
76.54,2.247,26,14
78,2.845,26,13
73.91,3.113,25,13
74.92,3.25,21.2,11
76.5,3.141,25,13
78,2.958,26,5
75.24,3.032,27,13
76.82,3.084,25,5
77.16,3.773,26,13
74.58,3.789,20.4,13
78.6,2.894,25,13
78.99,3.337,27,2
75.97,2.992,26.8,13
74.09,3.048,27,5
77.41,3.183,26,13
77.51,3.104,27,5
76.82,4.37,26,2
74.72,4.558,27,5
77.17,2.146,26,5
75.34,3.698,25.8,13
78.95,2.93,25,5
78.04,2.998,27.5,5
72.76,3.166,27,5
78,2.486,27,13
77.02,2.999,26,5
79.19,3.1372,26,13
72.69,2.506,27,14
78.6,2.838,26,5
78.6,2.972,27,5
78.18,3.144,27,5
78.6,2.576,27,13
76.46,2.867,17.2,5
78.94,3.113,16.5,13
77.93,3.572,27,13
77.37,3.234,27,11
74.22,3.346,24.8,13
76.36,2.883,18.2,5
73.8,3.015,16.5,14
73.76,3.158,17.8,11
77.26,3.039,19,5
75.77,3.139,17.1,5
76.05,2.957,17.5,5
75.83,2.886,19.4,13
75.35,2.393,18,13
76.67,2.295,18,5
78.42,2.937,19,13
78.42,3.036,20.8,13
71.11,4.94,19,2
75.77,3.095,18.8,5
77.41,2.441,23.5,13
77.59,3.092,21.4,13
77.97,4.114,20,2
76.25,2.907,19,5
76.95,3.206,19,5
72.69,2.368,19,5
76.01,3.251,21.9,13
78.32,3.931,19,2
71.85,3.138,19,5
79.51,3.32,21.8,13
74.78,2.669,20,5
72.3,2.861,19.8,13
76.6,2.985,20,11
73.8,2.813,22.6,13
73.95,2.884,22,5
77.97,2.889,22,13
76.88,3.266,18,5
77.83,3.125,20,5
76.26,2.71,20,5
75.48,3.162,21,5
76.75,2.87,20,5
78.7,3.407,18.8,13
71.43,4.44,20,2
76.53,3.422,18.4,13
78.42,2.747,20,5
78.5,2.833,20,13
79.72,2.975,20,5
72.9,3.061,25.2,13
74.09,3.45,21.7,13
72.82,1.967,23,5
75.84,4.124,25.6,13
76.92,2.986,22.4,18
72.72,3.213,17.8,5
78.6,3.096,20,3
75.14,2.814,22.3,5
74.05,3.215,20,5
71.04,2.711,23.3,5
71.61,2.924,21,13
78,4.38,23,13
79.51,2.856,23,13
78.32,3.115,21.5,5
76.99,3.098,23,13
76.43,2.387,23,13
75.1,2.958,23,5
75.77,3.307,18,5
75.38,3.406,20.8,5
78.74,2.975,22.3,5
75.98,2.927,22,5
75.77,4.511,24.2,13
77.97,3.839,20.2,2
76.53,2.354,22.5,5
73.94,4.331,22.5,13
76.89,3.107,23,5
72.83,3.037,22.8,5
73.46,2.797,22.9,5
74.11,2.934,22.3,5
73.46,2.847,23,5
74.71,2.974,23,3
76.26,3.068,17.6,5
78.6,2.622,24,5
77.17,3.203,21.6,13
73.8,4.206,16.7,2
76.78,2.839,22.1,11
76.89,3,17.5,5
78.5,2.311,17.2,5
78.81,3.041,25.3,13
75.34,3.086,18.5,5
77.17,3.189,18.3,5
77.41,3.226,18.5,5
78.11,2.453,19.6,5
77.1,2.545,22,5
73.71,2.781,18,5
73.83,2.416,17.8,5
75.2,2.757,18,5
78.67,4.125,24.4,13
74.82,3.288,20.6,13
76.05,2.844,19,13
75.2,3.042,19.4,5
74.78,2.997,21.5,5
74.78,3.072,19.7,5
76.99,2.675,20,5
74.44,2.997,27,13
76.43,3.092,18.5,13
76.81,3.165,22.8,15
77.41,3.216,17.6,5
72.51,2.984,19,5
74.61,3.561,17.8,5
73.77,2.931,22.3,5
76.25,3.502,23,13
75.77,3.202,18.4,5
77.26,3.218,19.8,5
75.38,3.232,24.8,13
73.95,3.797,24.8,5
76.25,3.007,25,13
73.66,3.011,16.4,5
75.28,3.589,19.8,5
77.44,3.609,24.1,13
75.7,2.827,24.1,5
74.89,3.141,24.1,5
75.24,3.112,23.4,13
79.51,3.44,23.9,5
75.45,2.814,25.5,13
71.59,2.872,25.5,5
76.35,2.768,24.8,5
75.77,2.926,24.8,13
71.81,2.389,24.8,5
71.25,2.994,24.6,5
71.57,3.427,24.8,5
76.88,3.533,24.8,2
73.95,3.124,23,13
72.76,3.182,16.7,5
72.76,3.235,16.2,5
73.67,3.096,17.4,5
72.27,2.463,24.7,5
70.55,2.971,24.7,5
73.21,2.773,24.2,5
76.6,2.92,24.4,5
70.7,3.064,25,5
78.91,2.94,19.8,5
76.57,4.543,24.6,5
75.42,2.85,23.8,13
77.41,2.912,24,13
74.48,2.972,18.7,11
77.17,2.936,23.8,13
79.19,2.276,23.8,5
78.18,2.926,23.6,5
78.6,3.35,23.5,2
77.59,2.95,23.6,5
78.01,2.981,24.5,13
77.97,2.708,24.2,5
77.02,2.746,23.8,5
76.92,2.789,23.8,16
76.5,2.983,23.5,5
74.26,2.749,24.8,17
72.45,3.008,20.6,5
76.21,4.35,24.7,13
77.02,2.922,18.1,5
76.99,2.99,17.3,5
76.11,3.077,17.5,13
72.47,2.432,17.5,5
77.41,2.928,21.6,5
73.11,3.795,19.3,2
76.08,2.859,18.6,5
72.9,2.909,22,5
73.81,3.149,20,5
76.29,3.17,19.8,5
75.14,2.179,20,13
72.06,3.964,20.4,2
74.43,3.162,21,5
73.42,2.138,22.1,5
74.71,3.246,23,2
76.85,4.386,23.3,2
71.12,3.218,18.5,5
75.2,4.625,22,2
72.8,3.7,19.9,13
77.41,3.079,15.8,5
78.91,4.61,25.6,2
72.37,3.076,25.5,13
78.25,2.405,24.5,5
77.12,3.294,24.4,5
79.23,3.64,24.8,2
80,2.981,24.4,5
77.02,3.156,25.6,5
79.72,3.004,25.6,2
71.61,3.055,25.4,13
74.86,2.335,25.7,5
76.36,2.387,25.8,5
78.95,2.829,24.8,6
76.74,3.697,25.4,5
74.4,2.305,25.8,5
76.46,2.959,25.6,5
75.13,3.268,18.8,13
74.68,3.667,25.2,5
76.78,2.9,26.8,5
77.23,3.044,26.4,5
77.24,2.791,26.4,5
76.74,3.02,26.4,5
76.26,3.139,26.4,5
75.87,2.953,26.4,5
74.78,2.885,26.6,5
76.29,2.937,25.8,13
74.26,3.086,25.9,11
75.1,3.078,25.8,5
76.5,3.19,26.2,5
73.35,3.027,27,5
75.83,2.927,27,13
74.58,2.347,26.4,16
75.1,4.45,25.4,2
76.57,2.931,20,5
78.28,3.465,22.7,13
76.35,4.034,20,2
77.65,4.131,21.6,13
79.02,2.637,19.8,5
80,2.576,19.7,5
78.32,2.879,22.5,5
78.1,2.865,23.2,13
75.8,2.808,24.5,5
79.23,2.576,23,5
78.42,2.466,23,5
78.5,3.996,24,5
79.72,3.077,24.8,13
75.94,2.824,26,13
76.36,4.485,24.3,13
79.23,3.483,15.5,5
76.68,3.325,18.9,5
79.02,3.385,26,5
79.51,2.954,26,13
79.51,2.901,26,5
78.52,2.957,27,13
74.78,3.661,19.8,5
77.31,3.657,20.2,5
78.6,4.558,26.5,2
75.56,4.451,26.5,5
78.11,2.781,27,5
78.01,2.39,27,5
77.83,2.91,19,5
78.94,3.185,19,5
79.68,4.511,19,2
78.11,3.658,18.4,5
76.21,3.17,19,5
77.97,2.915,20,13
77.59,2.945,20,13
79.4,2.966,20,5
74.93,2.196,20,5
79.72,2.999,23.8,5
73.63,2.924,24.2,13
72.79,2.925,20,5
74.01,3.148,22.3,13
72.97,2.927,22.3,5
76.33,2.921,20,13
75.77,3.01,22.3,5
78.95,2.923,22.4,5
75.87,2.799,22.6,5
78.7,3.032,22.5,13
74.16,3.227,16.5,5
76.5,3.111,23.8,5
75.28,2.986,23.6,5
74.3,3.062,24.5,5
79.51,3.09,25.3,5
80,3.117,25.3,13
75,3.035,25.3,5
77.02,2.474,25.6,5
77.02,3.167,25.6,13
78.25,3.014,25.8,5
79.02,2.874,26.1,13
79.4,2.966,26.1,13
78.6,4.061,26.1,2
76.26,3.019,25.8,5
76.74,3.295,25.8,5
73.8,2.865,25.6,13
75.38,2.858,24.8,5
78.25,2.699,25.8,5
76.5,2.727,25.6,5
72.3,2.965,24.2,5
76.67,3.731,26.4,5
79.51,2.81,26.3,13
75.24,2.287,24.8,5
78.6,2.946,24.8,13
73.43,3.163,24.8,5
78.81,4.094,24.6,13
75.45,2.492,26.2,5
76.19,2.679,24,5
78.01,2.811,25.2,5
74.64,2.829,27.3,5
76.19,2.887,26.6,5
77.02,3.953,26.6,13
78.91,2.982,26.1,5
79.51,3.037,25.1,13
79.19,2.975,26.1,5
76.82,2.623,26.6,5
72.94,2.798,26.6,13
79.72,3.714,26.8,2
78,2.839,26.2,5
78.91,3.068,26.9,13
76.33,3.247,27.7,5
79.79,2.641,27.7,5
79.51,3.781,26.8,13
79.51,3.641,26.6,2
77.83,3.018,26.5,13
77.94,1.859,20,5
75.49,2.719,26.5,5
78.7,2.924,25.4,5
79.4,3.114,25.4,5
78.91,3.052,25.4,11
77.94,3.06,25.4,13
74.29,3.029,19,5
73.52,2.987,20,5
72.44,3.302,20,5
76.29,2.886,25.3,5
79.23,2.799,21.8,5
75.21,3.068,21.8,5
76.78,3.005,22.6,13
78.18,2.981,22.6,5
74.15,2.965,20,5
73.35,3.192,21.8,5
77.34,3.006,21.4,13
79.72,3.693,23.5,2
77.02,2.998,20,5
74.37,3.005,20,5
74.37,2.995,20,13
76.6,3.665,20,5
74.12,2.908,25.8,5
72.58,2.896,25.8,5
77.73,4.435,25.8,2
78.53,4.622,20.2,2
77.31,3.627,26.5,5
77.73,3.082,26.8,5
79.51,2.914,20,5
78.53,2.887,20,5
77.69,3.076,27.5,13
79.02,4.066,26.8,2
75.94,3.611,28.6,5
74.92,3.212,26,5
74.09,4.774,24,5
74.72,3.097,28.6,13
76.35,3.997,28.6,5
74.78,3.056,28.8,5
72.72,3.671,28.8,13
73.6,3.115,28.8,5
72.3,3.752,28.9,5
79.51,3.199,29.9,2
67.71,3.466,28.2,13
71.12,3.026,28.9,13
72.37,2.944,28.8,13
4.234,1.49,28.4,5
70.02,2.455,28.9,5
76.08,3.545,24,2
71,3.267,28,5
76.54,3.156,28,2
72.41,2.799,28.9,5
79.19,3.046,29.6,5
71.49,3.412,27.6,13
70.48,2.924,27.2,13
71.57,1.961,27,5
72.2,2.943,17.5,5
72.37,2.823,28.6,5
74.86,3.081,28.9,5
78,3.653,27,5
75.35,3.51,28,13
74.09,2.921,28.9,13
73.35,2.429,29,5
71.81,2.223,28.9,5
71.32,3.542,28,5
77.73,3.894,28,13
77.93,2.996,26.8,5
73.11,3.507,27,15
77.06,4.609,24,2
78.52,3.183,27.4,5
74.85,3.302,27.8,2
78.99,3.124,27.8,5
74.86,3.413,27.8,13
74.71,3.128,28,13
70.28,3.114,27.2,5
77.65,3.744,27.8,5
76.29,3.06,27.8,5
80,2.953,27.6,5
76.78,3.996,28,11
77.83,3.456,28,5
74.51,3.126,26,5
76.4,4.475,28,13
74.68,2.802,16.1,5
75.77,3.07,19,5
76.81,3.043,18.5,5
78.91,2.948,21.2,13
74.72,2.998,18.2,5
68.59,4.598,20.8,13
75.2,2.981,19.6,5
74.72,3.036,19,5
79.4,3.476,22,2
73.25,2.906,18,13
77.93,3.077,22.7,5
76.96,2.989,22.8,13
74.92,2.957,22.8,5
72.75,3.016,23.4,5
77.59,3.179,23.7,16
79.51,3.714,22.8,5
78.5,3.207,23.4,2
79.92,4.461,22.4,2
79.02,2.208,23,18
76.68,3.277,21.6,13
78.42,1.968,23.5,18
79.02,3.001,23.5,5
74.86,3.122,23.7,5
75.42,3.362,23.8,13
77.1,3.299,23.7,5
76.26,3.854,23.4,2
75,2.837,23.8,5
78.08,2.772,24.8,13
76.11,3.018,24.8,2
76.78,2.623,22.8,5
78.11,2.981,26,13
77.59,3.113,27.3,5
76.08,2.982,27.3,5
79.23,2.967,27.3,5
79.02,3.148,27.3,16
78.5,4.51,27.3,2
78.6,2.944,27.3,18
76.74,2.971,27.3,5
76.82,2.978,27,5
76.82,4.577,27.6,2
76.29,3.142,27.3,13
76.82,2.951,27.5,13
72.89,3.031,28,5
71.08,3.656,26,5
69.17,2.326,28.1,13
73.73,2.754,28,10
72.82,2.121,26.8,13
73.8,3.603,27.5,2
75.63,2.967,28,5
73.43,4.504,27.6,13
76.75,2.926,27.5,18
74.16,2.911,25,5
74.26,3.583,27.6,13
69.32,2.777,27.6,5
73.95,4.742,28,2
71.6,3.926,26,15
77.76,3.512,22.4,13
76.92,4.271,27.6,2
75.63,4.767,27.5,2
77.76,2.68,26.5,5
69.64,2.984,27.8,13
74.96,4.142,26,11
77.69,3.677,27,13
72.86,3.089,26.5,5
76.5,3.187,25.8,13
73.81,3.066,28,5
75.31,4.231,20.2,2
75.87,2.968,26.4,18
72.06,4.686,26,5
75.41,4.247,27,5
72.72,3.395,17.4,13
6.351,1.652,26,5
79.01,2.932,25.8,5
70.65,4.258,26.8,5
75.9,3.235,18.6,5
71.67,3.111,20.1,5
69.11,4.666,26.6,13
70.14,3.245,19.6,15
79.02,2.782,26.2,13
77.59,1.815,26.1,5
77.83,3.077,25.4,5
73.49,2.782,26,18
69.64,3.021,28,5
75.84,3.403,26.3,13
74.65,3.611,26.2,2
79.51,4.324,19.4,2
79.51,3.084,18.5,18
78.7,3.149,18.4,18
79.02,3.04,19.1,5
78.6,4.447,22.4,13
77.27,3.018,21.2,18
72.9,3.046,18.9,5
76.6,3.028,22.6,5
79.02,3.141,19.6,5
70.77,3.024,19.2,10
74.29,2.963,19.6,5
73.03,3.047,19.4,5
78.49,3.061,21,5
76.99,2.696,20,18
76.81,2.609,25.2,5
78.42,4.64,25.6,13
77.23,3.147,24,5
75.55,3.242,24.2,2
76.74,3.103,25.3,13
78.01,3.091,24.2,5
78.43,3.111,24.8,18
74.75,3.488,25.8,5
78.46,2.947,25.1,18
76.11,3.046,25.4,5
74.75,2.513,25.6,5
78.5,3.856,25.8,13
78.11,3.809,25.6,16
70.77,4.882,25.6,13
76.15,2.974,25,18
71.91,3.123,25.6,13
76.53,3.062,25.6,18
67.15,3.232,25.6,13
76.68,2.681,26.4,13
77.76,3.174,27,5
76.54,3.021,27,13
75.97,3.106,26.8,5
74.26,4.738,26.8,2
71.15,3.119,27,5
75.24,3.73,26.8,13
73.18,2.852,26.8,5
74.19,3.12,27,13
71.63,3.138,25.6,18
70.13,2.994,26.8,10
77.09,2.916,26.4,18
67.63,4.286,26.8,5
74.71,4.476,26.4,2
69,3.82,25.5,13
76.99,2.943,26.6,18
76.82,3.013,26.8,18
74.86,3.101,27,5
71.84,4.419,26.8,2
78.49,2.987,27.2,15
71.68,3.915,27.2,2
76.29,2.874,26.8,18
75.17,2.825,27.2,5
75.83,4.424,27.2,2
79.02,2.966,27.2,18
73.67,4.111,26.8,5
74.23,3.942,26.8,2
78.32,3.008,26.8,5
76.85,2.847,26.8,18
76.36,4.139,27.3,13
72.55,3.04,27,5
79.43,2.867,26.4,15
75.63,3.802,27,13
78.11,4.457,27.3,13
80,4.576,27.3,13
76.08,4.432,26.5,5
77.51,4.226,26.5,16
74.96,2.72,19.6,5
76.11,2.999,19.8,18
76.82,3.589,20,5
76.53,2.954,20.8,2
74.86,3.967,20.6,2
79.3,2.503,24,18
78.32,1.943,20.9,18
78.11,4.226,25.6,13
78.01,3.154,22.4,2
78.74,2.991,22.6,5
79.09,1.978,24,18
74.29,3.164,26.1,13
79.23,3.325,20.6,5
76.08,3.223,22.3,15
79.72,3.051,23.8,13
77.2,3.128,22.3,18
72.37,4.248,25,5
74.09,4.766,25,2
71.46,3.082,25,5
73.18,2.988,26.8,5
75.2,3.136,26.8,13
75.52,3.062,27.5,10
78.25,2.997,26.8,13
72.13,3.108,26.6,18
75.52,3.584,27,18
71.89,3.714,25.8,13
68.13,3.952,24.4,13
73.36,3.572,26.4,15
73,2.717,27.9,5
71.85,4.634,28,13
75.2,4.705,27.8,2
69.18,2.93,28.4,13
70.84,4.029,28.8,5
70.97,3.648,28.9,5
77.93,3.083,28.5,15
68.22,4.869,29.8,2
68.83,4.571,28.9,15
70.27,3.175,29.8,13
68.91,3.105,29.8,5
72.02,3.155,28.8,13
73.7,2.914,30.6,18
74.4,2.934,28.8,5
78.42,4.235,29.2,18
67.49,3.055,27.9,13
69.58,3.097,30.3,5
71.68,4.216,30.2,11
74.96,3.142,29.8,13
72.68,3.143,25.8,5
72.9,3.02,28.8,5
79.51,2.907,28.8,18
74.54,4.15,29.5,15
74.51,2.955,27.7,5
73.53,3.36,29.7,2
72.72,4.516,29.7,5
73.81,3.186,29.7,5
72.48,2.823,27.5,5
70.48,4.81,28,2
77.94,3.173,20,18
74.65,3.95,19.6,5
75.2,2.969,22.1,13
76.57,2.926,19.6,5
75.48,2.341,18.7,5
73.87,2.937,19.6,18
73.35,2.063,19,18
75.56,3.058,21.1,5
73.03,2.86,25,15
75.69,2.9,20,18
75.91,3.198,20,5
74.85,4.136,23.4,15
77.24,2.99,21,5
73.7,4.501,25,2
79.48,2.006,23.1,18
75.49,3.454,23.1,13
76.82,4.477,23.1,2
76.21,2.245,21.8,18
70.48,3.024,22.4,13
74.4,2.937,22.6,18
71.47,4.645,24.4,2
75.45,4.32,23.4,15
74.64,3.397,25.2,13
72.03,2.037,22.8,5
74.12,2.031,23.2,5
78.11,3.35,24.4,13
74.85,2.846,23.6,5
75.38,3.99,24.4,2
74.26,3.237,24.4,5
76.18,3.89,23.5,18
75.76,3.238,23.8,5
76.67,3.034,24.2,18
75.84,3.119,25.2,5
76.26,3.008,25.6,15
73.24,3.587,25,5
73.32,3.316,23,2
74.51,2.998,25.7,5
72.52,2.938,24.4,5
78.52,3.104,26.2,18
74.75,3.232,25.4,5
76.26,3.087,24.4,18
73.91,3.389,24.4,5
67.85,3.944,25.2,15
73.18,4.784,25.2,15
78.7,1.995,26.6,18
72.41,4.63,25.2,13
74.09,3.109,25.8,13
72.41,4.83,25.2,2
75,2.008,25.2,5
78.42,2.976,25.4,18
67.72,2.765,25.4,13
79.09,3.814,25,13
76.25,2.978,26,15
74.02,3.025,26.1,15
77.2,3.299,25.5,18
73.07,2.929,26.1,13
76.15,3.499,26.1,5
73.77,3.115,26.1,15
76.95,2.989,24.6,18
79.02,3.71,22.5,15
78.5,3.732,18.9,2
74.16,3.529,21,5
80,2.98,19.5,18
77.27,4.712,22.7,15
71.61,2.98,24.4,5
77.23,3.982,24.5,15
79.72,3.025,25,18
77.83,3.022,25,13
77.34,3.041,25,5
78,3.337,24.6,11
78.94,3.009,24.5,16
72.23,2.913,25.3,13
77.34,2.94,24,5
76.92,3.032,24,5
71.28,4.844,27,13
76.19,3.575,24,5
73.25,3.026,27,5
69.11,4.258,27.5,15
75.14,3.668,27,5
76.82,4.484,27,5
75.98,4.513,27,15
79.92,4.601,27,18
79.72,3.312,28,18
78.81,2.948,19.9,18
77.69,4.224,21.6,15
79.72,2.808,23.4,18
77.94,2.981,23.4,5
76.81,2.99,24.4,18
79.55,3.503,21.6,18
77.83,2.974,23.4,5
78.53,4.09,23.2,15
77.27,2.97,25.2,18
77.06,3.036,24,2
78.95,2.885,24,18
77.09,4.64,24,18
79.68,3.036,27.6,16
74.25,3.16,27.5,5
79.51,3.079,27.5,18
78.7,3.881,26.4,18
75.17,4.572,26.2,2
70.55,4.397,26.8,15
75.49,3.008,28.8,5
75.35,4.61,28.9,18
74.82,3.091,28.4,18
77.23,4.865,29.5,15
77.93,3.107,30.8,18
77.93,3.047,28.8,5
77.41,4.436,28.9,18
75.28,3.625,30.9,15
73.95,4.828,31.1,5
77.45,4.01,30.7,15
75.87,3.019,30.2,15
77.31,2.964,29.2,5
77.83,3.009,29.8,5
75.24,4.676,30.2,5
74.37,2.998,31.4,18
75.76,4.067,31.4,15
73.81,3.86,30.8,5
72.26,4.376,28.6,5
80,4.532,17.5,15
78.53,4.82,17.3,18
77.34,3.228,18.3,18
78.32,3.873,19.2,18
79.72,3.169,18.8,18
78.01,3.785,24.9,15
79.02,3.833,18.6,15
79.02,4.488,28,15
76.92,4.412,20.1,5
76.85,4.256,23.5,15
78.53,4.811,23.6,15
76.74,3.765,22,18
79.23,4.448,25.5,18
74.05,4.325,22.9,15
73.63,4.835,25.6,15
73.87,3.096,25.4,15
77.93,3.683,25.8,15
78.52,4.544,26.2,15
76.88,4.775,26.2,15
79.51,4.499,27.2,15
77.93,3.155,27.6,18
74.19,3.208,18.1,18
74.3,3.012,27.6,18
77.93,4.619,28,15
78.5,4.535,27.6,18
72.87,3.032,28.2,5
77.65,3.71,28.2,5
76.82,4.535,27.9,15
79.43,4.406,28.6,15
79.51,2.86,28.8,18
76.25,4.652,28.2,13
77.45,2.823,28.2,5
78.5,3.278,28.8,5
77.48,4.43,28.6,15
80,4.288,28.6,15
77.31,2.995,29,15
78.25,3.514,29,18
78.6,4.796,20.1,15
79.23,4.667,23.8,15
77.09,2.998,19.5,15
79.51,2.987,18.3,15
76.74,3.043,22.2,15
75.42,3.063,16.5,5
75.48,2.993,19.6,15
76.36,2.183,18.2,15
80,3.121,19.4,18
79.48,2.135,26.1,18
77.83,4.706,22,18
78.32,3.002,20,5
79.23,3.019,22,15
78.25,4.655,21.4,18
79.02,2.997,21.8,18
78.32,3.124,21.6,5
77.59,4.556,23.6,5
77.34,4.574,23.6,5
76.78,4.433,22.3,15
76.88,3.641,23.1,15
78.91,2.795,24.7,15
79.02,4.829,26.3,15
77.59,4.532,24.8,15
73.03,4.823,24.8,5
77.41,4.595,25.4,15
79.02,3.804,25.4,15
77.59,4.514,27.8,15
78.52,3.046,25,5
72.89,3.902,26,18
79.72,4.455,26,15
78.01,4.301,26.6,5
78.99,4.544,26.6,15
78.32,3.6,24.8,5
77.41,3.56,24.8,5
79.51,3.077,26.3,5
79.19,4.574,26.8,18
79.4,4.086,27,15
78.6,3.025,27,18
78.81,4.286,25.4,18
78.91,4.64,27.6,18
78.18,3.704,27.8,5
75.28,4.426,27.8,13
79.02,3.723,27.6,15
78.07,4.68,26,15
78.1,2.3,26,18
76.33,3.103,27.2,5
78.42,3.119,27.3,5
78.25,4.73,26,15
77.06,3.467,26,18
75.83,4.457,20.4,15
75.77,4.379,18.8,15
79.51,4.217,20.8,15
77.76,4.28,20.8,15
77.17,4.415,21,15
79.12,3.62,21.3,5
73.38,4.001,22,5
73.45,3.905,22,5
78.32,3.911,24.8,15
77.65,4.7,22.5,15
79.23,4.445,25.2,15
74.92,3.777,25,15
78.01,3.79,26.6,15
76.74,4.184,25.6,15
72.72,4.304,25,5
74.5,4.322,25,5
74.92,4.472,26.6,5
73.63,4.345,26.8,5
76.92,3.643,26.8,5
75.59,4.302,27.2,5
76.6,2.949,27.8,15
78.53,4.049,27.6,15
71.67,4.175,26.4,5
71.46,4.16,26.4,5
75.14,3.685,28.4,15
77.34,4.547,27.6,15
76.74,4.292,28.4,15
73.03,2.934,27.6,15
77.51,2.519,27.6,18
75.03,4.07,28.8,15
77.2,3.602,27.7,5
78.01,3.685,27.8,13
79.51,4.487,28.6,18
73.81,4.088,27.8,5
75.27,4.142,27.8,5
77.69,4.286,28.8,5
73.42,4.598,28.8,5
77.31,4.562,18,15
78.53,3.908,20.9,5
77.02,4.498,22,15
79.02,3.494,22,15
75.91,4.538,24.8,15
76.25,2.936,23,15
77.76,3.542,23,5
77.1,3.537,23,5
73.98,4.162,22.6,15
79.23,4.538,23.6,18
78.5,4.622,23.6,18
76.5,3.845,23.3,15
77.83,4.127,23.4,15
78.25,4.475,22.4,18
78.94,4.437,24.1,15
75.14,4.758,24.2,15
79.23,4.46,25.2,13
78.32,3.094,25.2,18
78.74,2.883,25,15
77.83,4.04,24.8,5
76.85,3.965,24.8,5
78.11,3.905,25.2,18
77.73,4.685,25,18
76.74,3.842,22.5,15
79.51,3.837,19.1,18
76.82,4.331,25.3,15
77.07,3.269,20.2,15
78.01,3.264,20,15
78.99,3.645,18.4,18
75.21,4.738,19.8,15
78.25,3.074,20.2,15
77.93,3.082,23.6,15
76.82,4.173,22.4,15
76.78,4.376,26,15
77.97,3.229,22,18
77.37,3.269,22,18
76.85,4.13,23,15
78.46,3.532,23,18
76.21,4.102,23,5
77.73,3.592,23,18
77.65,3.549,23,18
77.23,4.472,22,15
79.4,4.25,19.8,15
78.01,4.214,20.5,18
78.5,4.25,20.5,18
78.7,4.646,20.5,15
78.6,4.625,23.2,15
79.51,2.69,23,15
77.93,2.765,23,15
79.02,3.271,23,15
75.28,4.46,23.6,15
76.85,3.341,23.4,18
77.24,4.526,23.8,15
76.46,3.32,23.4,18
78.5,4.508,23.8,15
74.86,4.181,23.6,5
78.6,4.313,25.2,15
77.83,3.746,24.8,15
76.19,4.187,25.8,15
77.45,4.13,24.8,15
76.64,3.855,28.4,15
77.73,4.601,28.2,15
78.99,4.203,28,18
77.76,4.043,28,18
74.68,4.523,28.8,5
78.74,4.445,29.2,15
78.35,4.43,29.2,15
77.27,4.709,24.5,15
77.73,4.514,24.9,15
79.51,4.655,18.6,15
76.92,4.472,164,15
78.74,2.858,19.4,18
79.23,3.281,19.7,18
79.51,4.57,22.3,15
79.51,4.619,22.5,15
78.5,2.902,22,18
79.72,2.921,22,18
79.72,4.484,24.2,15
79.72,4.447,24.5,15
78.91,4.858,24.4,15
79.23,4.826,24.4,15
79.72,4.259,23.2,15
80,4.808,24.8,15
76.82,4.232,25.4,15
76.29,3.996,25.6,15
77.53,4.169,26.8,15
76.82,4.298,24.8,15
78,4.277,24.8,15
78.28,4.109,24.8,18
79.51,4.214,24.8,18
79.23,4.634,26.8,15
76.78,2.993,27.2,18
76.82,2.994,27.2,18
79.92,4.58,27.2,15
80,4.595,27.2,15
78.7,4.374,22.8,15
78.01,2.973,22,18
78.91,3.021,22,18
79.02,4.745,19.3,15
76.6,4.55,22.4,15
77.76,4.565,22.9,15
79.23,4.439,20,15
76.82,4.496,25.2,15
78.52,3.854,25.2,15
77.73,4.373,25.1,15
76.82,4.3,22.4,15
78,3.706,22.6,15
78.6,4.367,20.8,15
79.23,3.572,21,15
78.81,3.576,20.9,15
78.99,4.592,24.4,15
78.25,4.64,24.4,15
77.27,4.625,24.4,19
75.1,4.316,25.5,15
78.42,4.718,29,15
76.65,2.702,29,19
77.41,4.76,29,15
75.24,2.639,29,19
75.03,2.36,22,19
75.77,2.636,21.6,19
77.23,4.739,22.1,15
77.45,4.73,22.1,15
75.76,4.525,21.8,15
76.39,4.28,21.8,15
75,2.378,21.6,19
72.73,2.342,21.6,19
75.52,4.295,21.8,15
72.02,2.891,23.6,19
73.11,2.875,23.6,19
75.31,3.794,23.6,15
73.04,4.406,23.6,15
75.35,3.863,26.4,15
75.55,4.508,26.4,15
73.35,4.523,26.6,19
72.87,4.454,26.6,19
74.85,4.485,26.4,15
74.19,4.607,28,19
73.56,4.562,31,19
77.72,4.745,28,15
76.74,4.784,32,15
74.12,4.094,31,19
73.14,3.926,31,19
77.83,4.841,31,15
77.83,4.908,31,15
73.95,3.155,29,19
73.32,3.148,29,19
0,3.004,29.2,15
76.35,4.622,29,15
72.13,3.253,21.4,19
73.95,3.272,21.4,19
78.25,4.622,21.4,15
78.32,4.643,21.4,15
77.59,4.646,25.5,15
77.27,4.682,25.3,15
74.36,4.586,25.3,19
73.92,4.445,25.7,19
78.74,4.517,25.7,15
73.66,4.436,22.2,19
73.73,4.472,22.2,19
76.11,4.308,22.2,15
73.6,4.17,22.2,15
77.26,4.595,20.9,19
75.31,4.535,20.9,19
77.59,4.485,22.7,15
77.23,4.786,20.8,15
75.07,4.088,21,19
75.97,4.148,20.8,19
78.46,4.43,21,19
79.72,4.391,20,19
79.02,4.376,26,19
79.51,4.196,24,19
80,4.178,22.7,19
77.34,4.112,22.7,19
77.59,4.328,22.9,19
79.23,4.289,22.9,19
78.5,4.646,25,19
77.65,4.685,25,19
73.67,4.445,20.9,19
74.64,4.466,20.9,19
73.38,4.712,22.2,19
73.24,4.733,22.2,19
73.45,4.49,24,19
71.99,4.761,24,19
72.13,4.706,24,19
73.94,4.793,24,19
71.46,4.781,24,19
73.46,4.811,20.9,19
72.86,4.787,20.9,19
75.6,2.56,23.6,13
76.77,3.1,25.8,13
77.3,3,24.6,13
77.14,2.69,21.8,9
77.24,3.968,22.5,9
76.795,2.2,21.1,5
79.23,2.792,22.2,5
77.65,2.43,23.4,5
84.89,2.74,21.7,5
76.787,2.77,21.7,1
77.263,2.44,19.5,14
78.52,2.952,21.1,14
78.783,2.808,22.8,5
79.19,3.95,21.9,15
77.65,4.07,23,15
77.48,4.09,23,15
75.297,3,21.9,3
74.361,3.114,21.4,3
77.095,3.19,20.6,3
78.076,4.098,20.3,3
79.19,4.06,26.7,13
78.77,2.7,21.2,5
78.49,2.85,21.8,5
78.77,3.32,24.6,5
78.56,3.71,23.9,5
79.02,3.098,22.1,5
78.6,2.966,21.2,5
79.468,2.966,19.7,5
74.336,2.576,20.2,1
73.75,2.747,23,1
75.2,3.11,23.1,3
77.84,3,21.3,3
78.083,3.066,19.7,3
76.946,3.071,20.2,3
76.053,3.052,23.7,3
76.795,3.14,20.6,3
71.897,3.59,22.4,3
73.834,3.3,21.6,3
78.6,3.025,23.9,13
78.56,2.62,22.2,5
78.77,3.2,22,5
78.11,3.12,22.7,5
78.98,3.65,24.3,15
78.055,4.747,22,3
79.755,3.141,23.2,3
75.92,3.102,23.2,13
78.98,2.82,26,13
78.77,3.29,25.4,13
77.75,2.56,19.7,5
76.549,3.092,22.4,3
75.635,2.847,21.5,3
75.412,2.99,19.2,3
74.698,3.001,21.7,3
78.04,2.273,22.2,14
74.942,3.068,23.4,14
75.411,2.926,23.8,11
76.383,2.956,21.3,5
74.971,3.044,20.5,5
78.25,3.035,21.3,5
76.766,2.456,22.2,1
76.653,2.729,22.2,1
75.15,2.41,23.1,1
71.89,2.59,22.5,1
72.358,2.782,22.9,1
75.074,2.787,20.8,3
79.503,2.683,21.1,3
75.038,3.172,22.2,3
78.009,2.905,21.5,3
76.708,2.81,21.1,3
77.615,3.047,20.9,3
77.941,3.071,21.9,3
74.122,2.17,21.7,5
74.374,1.98,21.9,5
72.341,2.901,21.6,5
73.783,2.175,23.3,5
79.3,2.073,24.1,1
73.39,2.053,21.8,1
75.102,2.4,22.6,1
58.888,2.514,24.7,1
76.859,2.738,23.2,1
72.466,3.006,22,3
76.33,2.76,22.9,3
75.407,2.92,22.3,3
74.534,2.841,17.3,3
78.224,2.838,22.1,3
77.775,3.09,23.4,3
77.37,3.32,21.1,5
78.14,3.06,20.8,5
78.56,3.2,22.3,5
76.178,3.089,20.7,3
74.84,3.13,21.6,5
76.91,2.88,25.7,1
76.29,2.759,21.2,1
78.32,2.61,20,1
75.67,2.67,22.8,1
76.319,2.884,24.3,1
49.605,2.798,23.7,1
76.888,3.263,22.5,1
73.15,3.021,22.3,3
74.04,3.41,23.5,13
74.39,3.53,24.6,13
73.79,3.76,24.3,13
73.34,3.7,24.3,13
76.13,3.35,24.4,13
77.77,3.71,25.7,13
73.3,3.35,24.9,13
72.36,3.66,24.6,13
78.73,3.41,22.4,2
78.25,4.58,24.5,2
78.77,4.38,21.3,2
79.79,4.47,21.8,2
75.98,4.35,22.3,2
78.35,4.64,23,2
77.5,4.76,20.7,2
78.98,4.76,22.4,2
77.99,4.85,23.8,2
76.29,4.81,21.1,2
78.73,4.29,22.6,2
78.38,4.82,22.2,2
77.77,4.59,21.8,2
77.94,2.56,21.9,5
78.076,2.74,23,5
76.549,2.636,20.2,1
75.045,2.925,20.4,1
76.039,2.382,20.6,1
78.315,2.611,18.9,1
74.001,2.877,22.5,1
77.788,2.335,22.4,1
78.076,2.683,20.5,1
76.787,2.961,24.5,1
75.079,3.035,21.5,1
74.634,2.939,20.4,1
75.002,3.033,21,1
78.38,3.68,21.2,15
77.93,3.67,22.7,15
77.88,3.94,22.2,15
78.74,3.91,21.9,15
78.77,4.03,21.4,15
78.98,3.81,22.9,15
78.77,4,21.5,15
78.38,4,21.4,15
77.8,3.85,20.4,15
77.5,3.97,21.4,15
76.81,3.97,21,15
78.77,4.03,21.7,15
78.38,3.76,21.7,15
78.77,3.9,21.8,15
77.5,3.84,22,15
80.31,3.97,21.8,15
73.2,3.82,25.3,15
71.02,3.97,22.1,15
72.6,3.97,24.6,15
73.29,4.56,20.7,15
72.49,4.35,21.9,15
70.35,4.38,22.8,15
73.79,4.38,22.4,15
73.5,4.29,21.3,15
73.29,4.47,22.6,15
71.91,4.32,22.4,15
69.11,4.62,22.4,15
72.05,4.29,21.1,15
69.7,4.32,22,15
71.68,4.38,23.4,15
69.96,4.71,23.3,15
74.12,4.62,23.1,15
73.85,4.63,22.9,15
76.22,4.71,22.6,15
77.356,3.044,19.7,3
75.326,2.952,23.1,3
78.04,1.844,20.6,3
77.625,2.999,21,3
77.306,3.127,21.9,3
75.111,3.026,21,3
74.374,3.321,21.9,3
75.326,3.119,21.4,3
75.751,3.228,22.8,3
78.98,3.1,21.4,14
78.56,3.2,26.3,13
73.7,3.44,26.7,13
77.2,3.47,23.7,13
79.19,2.88,21.7,5
76.41,2.98,21.1,5
75.78,3.24,20.8,5
77.78,2.84,21.9,5
79.19,3.52,24.7,15
75.045,2.21,20,5
74.223,2.041,22,5
76.607,2.805,0,5
74.764,3.105,20,5
74.64,2.888,23.5,5
77.92,2.79,21,5
79.51,2.71,21.3,5
79.503,3.116,19.3,5
76.046,2.76,22.3,5
79.02,2.874,23,5
75.1,3.114,20.1,5
77.09,2.56,21.8,5
78.77,2.26,23.2,5
78.14,2.53,22.6,5
78.74,2.79,23.2,5
78.14,2.79,22.4,5
74.427,2.586,19.4,1
73.636,2.596,19.4,1
72.697,2.787,21.1,1
72.374,2.907,22.2,1
73.541,2.596,21.9,1
73.821,2.651,22.8,1
73.834,2.543,22.6,1
75.713,2.65,24.6,1
75.66,2.54,21.3,1
78.01,2.3,21.7,1
73.21,3.5,21.1,1
76.62,2.59,21.4,1
75.187,2.94,22.3,1
76.093,3.062,22.1,1
75.282,2.79,20,3
77.927,2.923,21.5,3
76.31,3.06,20.7,3
78.455,3.17,22.2,3
76.14,2.6,26.6,5
73.95,2.76,20.6,5
75.15,2.56,22.1,5
75.94,2.7,22.7,5
75.13,2.81,21.6,5
77.4,2.6,23.3,5
77.9,2.82,22.8,5
77.19,2.68,20.8,5
76.54,2.981,23.2,5
78.35,2.56,20.9,5
78.56,3.35,22.4,5
79.19,3.23,22.8,5
76.41,3.39,23.4,5
74.75,2.889,20.4,1
72.603,2.91,20.9,1
74.587,2.731,20.9,1
74.928,2.643,20.4,1
79.19,3.77,24.2,15
78.74,3.74,23.3,15
77.93,4.05,25.9,15
76.067,2.983,20.9,3
77.608,3.11,21.2,3
74.534,2.83,21.9,3
77.615,2.892,21.1,3
73.778,2.97,23.9,3
77.26,2.48,21.4,5
78.35,4.03,23.4,15
78.6,4.16,25.1,15
73.756,3.96,22.1,3
73.56,3.32,19.7,3
77.075,3.042,21.2,3
78.77,4.5,24.9,2
77.93,4.35,23.1,2
78.17,4.7,23.3,2
77.93,4.71,27.6,2
78.747,3.104,22.1,5
73.728,3.019,16.6,5
73.282,3.109,20.5,5
77.54,3.71,22,15
75.599,3.219,21.5,3
76.262,3.291,21.7,3
77.608,3.133,21.3,3
65.766,4.116,21.5,3
78.56,2.37,21.2,5
77.59,2.44,20.9,5
73.863,3.095,19.9,5
75.57,3.37,22.4,5
75.98,3.14,20.7,5
75.79,3.11,22,5
74.64,3.03,21.5,5
74.91,2.95,22.1,5
75,2.97,22.7,5
75.51,3.12,18.7,5
73.29,3.09,20.3,5
71.45,3.26,20.2,5
73.59,3.59,18.4,5
73.86,3.38,20.5,5
75.599,2.935,21.3,5
75.56,2.889,21.4,5
74.23,3.025,21.8,5
78.11,3.073,20.4,5
77.66,2.73,21.1,5
76.11,2.908,26.3,13
75.2,2.94,24,13
76.131,3.053,22.8,13
77.79,3.06,23.1,13
79.79,2.62,23.8,13
78.56,2.82,23.6,13
77.86,2.837,20.7,12
75.18,2.7,21.5,12
72.667,2.134,22.7,12
77.242,3.147,23.5,12
75.78,2.861,23.3,12
77.579,2.88,23.3,12
76.248,3.26,21,12
77.011,3.111,23,12
78.59,3.21,20.7,2
78.39,3.8,24,2
78.77,3.74,24,2
78.98,4.32,25.6,2
75.93,3.23,21.4,5
75.75,3.12,21.9,5
77.98,3.15,23.3,5
76.95,3.03,21.4,5
78.98,2.67,21.8,15
78.14,3.35,22.2,15
78.35,3.44,24.4,15
78.77,3.56,22.3,15
78.38,3.79,23.2,15
78.74,3.53,22.5,15
78.38,3.38,21.1,15
78.98,3.68,20,15
78.53,4.03,22.3,15
78.53,4.12,22.4,15
77.35,2.62,24,15
78.98,3.88,24.6,15
78.49,3.85,23.5,15
77.19,2.89,20.2,3
78.22,2.86,21.2,3
76.43,3.05,19.8,3
76.748,3.02,20.4,3
74.634,2.998,19.5,3
78.539,3.109,21.5,3
75.923,3.146,20.9,3
75.297,2.979,20.8,3
82.696,2.842,20.3,3
78.38,3.18,20.9,18
78.1,2.85,20.3,18
70.96,3.03,23.2,18
78.32,3.7,22.8,16
77.79,3.5,20.7,16
77.54,3.48,21.2,16
77.15,3.64,22.4,16
78.98,3.7,23.7,16
77.44,3.49,22.8,16
77.3,3.67,21.9,16
78.551,2.354,19.6,3
72.855,2.872,19,3
77.29,2.67,19.8,3
78.11,2.78,22,3
75.606,2.919,20.3,3
77.285,2.827,21.1,3
75.18,2.97,20,3
74.534,3.07,21.4,3
77.011,1.94,26.5,13
77.183,2.956,25,13
75.14,2.88,24.9,13
77.579,3.07,24.1,13
78.19,3.26,25.8,13
78.08,2.874,20.1,5
79.468,2.38,20.9,5
77.96,2.47,21,5
72.76,2.938,20.8,1
72.625,2.79,23,1
71.47,2.66,20,1
76.48,2.938,22.6,1
74.236,2.875,21,1
74.179,3.149,22.3,1
75.981,2.964,20.7,3
77.484,3.025,20.6,3
76.795,3.063,22.6,3
76.046,2.32,22.8,11
77.674,2.128,22.2,11
77.96,2.7,20.5,5
79.19,3.03,22.8,5
78.35,2.35,21.5,5
77.5,2.76,22.1,5
76.908,3.001,23.6,3
76.62,3.38,23.9,18
78.14,3.29,24.4,18
78.56,2.7,22.2,16
78.56,3.09,24.4,16
78.38,3.62,24.1,16
77.09,3.69,25.3,2
79.748,3.01,23.5,5
79.51,2.994,24.5,5
77.71,3.09,23.2,5
79.251,3.12,22.7,5
77.71,2.89,27.6,5
77.93,3.01,23.7,5
78.17,2.75,27.7,5
77.36,2.68,21.4,5
75.19,2.88,23.8,5
77.4,2.9,23.2,5
80.18,3.04,24.8,5
78.38,3.14,24.5,5
78.73,3.17,26.4,5
78.53,3.77,23,5
68.16,3.9,23.5,5
66.99,4,23.2,5
70.643,2.951,24.6,1
74.541,2.71,21.1,1
73.94,3.65,26.6,15
74.74,3.84,22,15
78.14,3.18,24,15
78.53,3.5,24.8,15
78.77,3.44,25.3,15
78.98,3.26,24.2,15
76.759,3.042,23.5,3
75.57,2.942,23.7,3
76.759,2.828,22.7,3
77.635,2.876,20.8,3
79.503,3.006,22.7,3
76.656,3.055,23.8,3
72.986,3.198,24.6,3
78.74,3,20.6,2
77.34,3.74,25,15
78.98,3.85,27.1,15
78.49,2.85,24.9,13
77.96,3.12,21.9,5
72.531,3.036,21.1,1
76.103,2.941,20,1
79.19,4.06,23.2,15
79.37,3.94,22.6,15
72.783,3.277,20.9,3
75.57,3.08,20.7,3
75.54,2.56,20.3,5
76.78,3.14,20.6,5
75.56,3.05,19.8,5
74.57,2.68,21.5,18
74.55,2.97,18.9,18
78.796,3.465,20.5,2
77.37,3.82,25.2,2
78.37,3.91,22.1,2
76.91,3.14,22.6,2
75.69,3.03,22.8,15
78.77,2.85,22,15
74.76,3.62,24.2,15
73.34,3.5,21.9,15
77.58,4.14,19.2,15
78.55,3.05,22.3,16
72.36,3.88,25.7,16
78.5,2.995,22.7,5
77.78,2.844,20.8,5
76.42,2.987,20.1,5
77.96,2.2,21.2,5
78.14,2.14,20.4,5
77.347,3.051,21.7,5
78.84,2.885,23.9,5
77.647,3.046,21.7,5
74.88,2.62,22.4,5
79.035,2.971,20.4,5
78.98,1.77,21.2,5
71.003,3.341,22.6,3
77.73,4.067,22.1,3
77.8,4.801,22.1,3
77.34,3.98,22,3
75.13,3.06,23.1,3
79.09,3.99,19.6,3
74.31,3.631,22.6,3
72.325,3.132,21.3,3
78.19,2.98,23.3,3
77.93,2.52,21.7,5
78.11,2.72,22.6,5
78.77,2.37,20.7,5
78.286,3.138,22,5
78.77,3,22.1,5
76.39,3.8,21.8,5
76.34,3.4,22.3,5
76.11,3.87,24.8,5
76.17,3.76,23,5
76.543,3.137,21.1,3
77.998,3.92,21.3,3
77.79,4.201,21,3
78,4.098,19.3,3
78.39,2.89,18.5,3
76.067,3.49,22.9,3
78.32,3.28,21.3,3
76.14,3.97,23.1,3
77.54,3.27,22.2,3
77.97,3.53,16.6,3
77.18,2.72,23.2,3
74.91,3.34,18.8,3
75.66,3.36,20.2,3
0,1.68,18.8,3
78.243,3.064,21.5,3
75.987,3.135,21.5,3
73.736,3.048,22.4,3
75.252,3.14,22,3
75.46,3.11,22.1,3
77.95,2.78,23,3
76.66,3.23,21.3,3
78.08,2.88,21.9,3
74.577,2.895,21.7,3
77.608,2.984,21.2,3
73.635,2.936,21.1,3
78.837,3.088,21.1,3
78.531,3.077,20.9,3
78.138,2.905,21.5,3
77.285,3.078,20.9,3
74.03,3.085,21.5,3
79.28,2.949,21.7,3
77.039,3.033,21.8,3
64.835,2.922,21.8,3
77.624,3.06,20.9,3
77.811,3.15,19.3,3
76.32,3.32,23.4,5
76.5,3.35,19.9,5
73,2.36,21,5
75.9,3.35,20.3,5
75.78,3.32,21.7,5
77.01,3.26,22.2,5
75.95,3.32,21.4,5
77.47,3.68,23.8,15
78.2,3.46,22.3,15
79.23,3.32,20.1,3
77.26,3.203,21.8,3
75.996,3.084,23.4,13
76.76,3.01,24.3,13
77.6,2.97,24.3,13
75.81,2.95,23.1,13
78.98,2.5,20.5,5
78.14,2.68,21.5,5
75.39,2.65,19.6,5
77.93,3.14,20.7,5
75.248,3.06,25.1,13
77.53,2.96,23.7,13
78.32,2.94,24.7,13
77.93,2.62,23.5,13
75.64,3.32,23.5,13
77.14,3.26,25.2,13
77.69,3.23,25.7,13
77.56,3.6,24.1,13
72.89,3.35,24.5,13
72.88,3.78,26.4,13
74.17,2.62,21.4,5
78.28,2.59,20.7,5
77.407,3.123,21.4,5
72.986,3.02,22.6,3
74.838,3,20.8,3
77.32,3.199,21.2,3
76.5,3.181,19.6,3
75.051,3.116,20.6,3
74.498,3.961,22,3
76.404,3.137,22.3,3
75.35,3.934,22.3,3
77.41,3.968,22.5,3
75.995,3.023,21.7,3
77.75,3.21,23,16
78.77,3.06,24.1,16
78.38,3.03,21.1,16
77.65,2.87,21.2,16
77.99,2.84,23.3,16
76.77,2.98,23.1,16
76.35,3.45,22.4,16
79.4,1.95,20.2,5
77.65,2.68,20.3,5
79.19,2.62,22.4,5
77.01,2.68,22,5
77.37,3.08,22,5
78.32,2.94,22.4,5
78.8,3.06,24.7,5
78.53,3.08,20.8,5
75.54,3.03,20.9,5
75.87,3.12,21.6,5
78.14,3.29,23,5
77.96,3.18,19.2,5
77.79,3.11,21.1,5
77.14,3.29,23.1,5
72.53,3.35,23.2,5
77.96,2.94,26.7,13
77.38,2.91,26.4,13
75.88,2.77,22.3,13
74.331,3.032,23,13
75.33,2.82,25.2,13
78.98,3.26,29.2,13
78.35,2.77,21.2,5
76.17,2.91,22.2,5
77.96,3.06,23.3,5
77.12,2.85,22.5,5
77.09,3.09,23.8,5
78.32,3.12,23.3,5
76.66,3.2,23.2,5
78.73,3.3,23.9,5
77.36,2.96,21,5
78.14,3.01,20,5
77.11,3.17,20.9,5
75.27,3.14,20.6,5
77.12,3.06,20.2,5
75,3.17,19.9,5
73.98,3.11,20.4,5
74.04,3.85,26,15
73.72,3.88,26.1,15
70.06,3.97,28.3,15
73.8,2.9,18.8,3
78.73,3.19,21.3,3
77.95,3.305,21.9,3
78.14,2.79,21.5,18
76.16,2.76,23.1,18
77.74,2.82,21.8,18
78.31,2.77,21,18
78.77,2.77,23.2,18
76.91,3,19.9,18
76.61,2.97,20.9,18
75.12,2.84,20,18
78.11,2.71,21.4,18
75.3,3.03,23.4,18
75.24,3,21.3,18
78.14,3.03,22.5,18
75.14,2.94,21.1,18
75.71,3.12,23.1,18
75.89,2.85,21.3,18
74.94,3.9,24,2
75.93,3.75,22.5,2
74.52,4.23,22.4,2
76.51,4.19,20.3,2
75.79,4.87,26.6,2
75.29,4.74,26.6,2
77.57,2.9,23.1,5
76.74,3.26,21.5,15
75.78,3.77,24.5,15
77.36,3.8,23.3,15
76.95,3.74,23.6,15
68.838,2.85,26.1,3
77.37,3.94,24,16
74.87,4.09,24.4,16
77.4,4.06,25.5,16
76.859,2.896,22,3
75.563,2.877,19.6,3
76.334,2.873,20.4,3
73.238,2.02,19.3,3
78.162,2.97,21.5,3
75.87,2.791,22.6,5
78.55,2.64,23.7,5
76.94,2.61,21.9,5
78.18,2.62,20.8,5
77.4,2.76,21.6,5
77.79,2.79,23.5,5
79.748,2.228,20.2,3
77.111,2.988,21.4,3
74.786,3.055,22.5,3
77.111,2.97,19.9,3
76.83,2.924,17.7,3
78.871,3.005,23.3,3
77.327,3.59,19.2,3
77.039,3.198,23.5,3
69.43,3.2,21.5,18
78.55,3.2,22.2,16
78.14,3.5,23.2,16
77.78,3.09,24.3,16
78.59,3.04,23.3,16
77.37,4.06,24.5,16
77.96,3.7,23,16
76.19,4.47,24.8,16
76.91,2.58,21.2,5
77.79,2.68,19.1,5
77.97,2.59,22,5
77.64,3.99,24,15
77.824,3.091,20.2,5
78.14,2.68,21.1,5
77.56,2.5,22.4,5
76.25,2.76,20.9,5
77.79,2.68,24.7,13
78.14,3.06,23.1,13
78.98,3.11,27.9,13
75.71,3.55,22.2,13
77.96,3.41,24.8,13
76.15,2.88,23.2,5
77.54,2.88,21.1,5
79.251,2.154,21.9,14
76.759,2.863,24.4,14
75.009,2.826,21.7,14
78.58,2.8,20.1,14
77.4,2.47,22.2,14
77.55,2.65,22.5,14
78.14,2.88,23.8,14
77.99,2.85,22.2,14
78.531,2.042,22.6,11
79.16,2.86,22.1,11
78.38,3,24.1,11
75.478,2.803,26.1,11
79.19,2.85,25.5,13
78,3.44,26.2,13
78.34,3.32,24,5
78.59,3.11,21.1,5
74.32,3.02,20.5,5
75.045,3.117,21.6,3
74.029,4.206,22.9,3
77.27,4.089,20.6,3
77.86,3.11,19.9,3
71.478,3.194,22.8,13
75.77,3.247,22.8,13
73.682,3.133,25.4,13
75.68,2.79,23.1,13
70.146,2.904,21.6,14
71.348,3.005,22.6,14
70.811,2.872,22,14
77.09,2.997,24,11
77.09,3.91,25.7,15
78.59,2.74,22.7,5
78.98,2.56,22.6,5
78.14,2.97,22.3,5
77.86,2.966,20,3
79.28,3.007,19.7,3
77.25,2.172,23,5
79.02,3.008,20.8,5
77.363,3.112,21.2,5
78.502,3.06,21.9,5
77.91,2.41,23,5
79.19,2.53,23.3,5
77.96,2.56,23.9,5
78.38,2.79,21.6,5
79.58,3.22,24.5,15
79.19,3.76,23.8,15
77.93,3.64,22,15
79.19,3.74,25.2,15
78.59,3.76,25.1,15
76.96,2.61,21.4,3
74.971,2.933,22.3,3
79.58,2.79,21.4,3
76.348,3.157,21.7,3
74.815,3.028,23.6,3
80,2.97,21.9,3
76.71,3.082,24.3,13
78.98,3.35,26.1,13
74.52,3.8,24.3,13
78.53,3,24.8,13
75.64,3.68,26.2,13
79.035,2.52,19.7,12
79.05,4.11,23.4,2
79.37,3.26,23.3,2
77.608,2.38,21.4,5
79.19,2.2,20.7,5
77.72,2.59,22.5,5
78.35,2.47,21.2,5
78.14,2.76,20.3,5
78.14,2.62,20.5,5
78.11,2.76,21,5
77.16,3.077,22.8,5
78.98,2.88,20.1,5
77.95,3.18,21.8,5
78.73,3.17,21.5,5
78.14,3,21,5
76.88,3.07,21.6,5
78.35,2.78,22.9,5
78.98,2.88,21.6,5
70.66,2.93,22.7,5
78.1,3.04,21.6,5
77.89,3.14,21.8,5
78.56,3.35,22,5
78.77,2.85,23.8,5
78.49,3.85,26.9,15
78.14,4.01,25.8,15
78.14,4.03,26.5,15
78.77,3.74,22.2,15
77.86,2.939,20.8,3
77.86,3.019,21.8,3
76.404,2.995,23.8,3
75.751,2.976,21,3
76.003,2.991,21.7,3
78.747,2.97,22.1,3
75.691,3.959,21.2,3
74.03,2.771,21.6,6
79.251,2.83,21.9,6
78.848,3.051,23.1,6
77.89,2.74,23.8,13
77.284,2.983,23.8,5
76.656,2.109,22.5,5
78.38,2.64,21.9,5
78.047,3.083,21.9,5
79.02,2.7,21.5,5
78.01,2.88,20.1,5
77.77,3.24,23.2,3
76.82,3.135,21.1,5
78.047,3.14,21.8,5
77.72,4.44,21.7,2
76.91,4.44,22.3,2
75.29,4.58,23.2,2
73.98,4.71,23.9,2
78.74,4.3,22.2,2
78.95,2.89,22.9,5
78.53,3.03,22.3,5
78.32,2.91,23.9,5
78.98,3.38,21.2,5
78.56,3.12,22.2,5
78.53,3.47,22.5,5
78.17,2.91,24.4,5
74.91,3.14,21.9,5
77.51,3.86,22,15
76.6,3.06,24,15
77.92,4.06,24.2,15
75.92,4,23.2,15
76.11,3.87,22.4,15
77.19,4,23.8,15
74.07,4.2,22,15
76.95,3.39,19.7,16
76.88,4.79,24.9,2
77.51,2.59,21.1,5
79.51,2.987,22.6,5
74.37,2.95,22.7,5
74.086,2.48,22.1,5
78.59,2.5,23.1,5
77.753,3.026,22,5
77.78,2.59,21.1,5
78.19,2.7,23.9,5
78.59,2.55,21.1,5
76.97,2.17,19.7,5
77.363,2.988,23,5
74.94,3.01,23.9,5
73.85,4.09,25.7,15
70.67,4.41,24.5,15
72.81,4.14,25.3,15
68.47,4,26.3,15
67.77,4.11,26.1,15
78.58,3.041,21.6,3
75.782,3.018,21.1,3
75.279,3.087,21,3
78.964,3.019,21.5,3
76.046,3.087,21.5,3
77.494,3.087,21.6,3
76.578,3.064,21.1,3
75.894,3.135,21.7,3
75.72,2.29,22.8,3
75.549,3.38,23,3
77.314,3.646,24,3
79.748,2.83,21.2,3
78.279,4.201,23.8,3
77.11,3.35,23.9,16
77.47,3.74,24,16
78.56,2.41,20.2,5
76.95,2.61,23,5
77.52,2.85,22.7,5
78.49,2.68,22.5,5
75.94,3.2,20.8,5
75.96,3.06,22.2,5
75.03,3.23,22.4,5
77.61,2.97,21.2,5
78.39,2.85,26.5,13
79.19,2.97,28.5,13
75.29,3.11,26.3,2
78.53,4.25,24.6,2
78.8,4.56,24.5,2
78.11,3.18,23.2,5
78.74,2.97,22.4,5
79.58,3.29,22.5,5
78.38,3.26,21.9,5
78.8,3.33,22.8,5
75.88,3.34,22.3,5
77.71,3.53,21.8,5
78.74,3.35,22.2,5
76.92,2.53,22,5
79.79,3.54,21.5,15
79.4,3.58,22.7,15
79.19,3.65,22.8,15
79.19,3.53,22.1,15
77.72,4,22.8,15
78.14,3.83,24.6,15
79.048,2.76,21,3
77.86,3.123,23.2,3
78.35,3.53,21.1,16
76.95,3.53,21.9,16
79.79,3.59,23.3,16
76.37,2.56,19.9,5
75.61,2.62,18.8,5
77.08,2.44,21,5
78.14,3.35,26.1,5
76.95,3.4,23.2,5
74.58,3.52,21.6,5
76.5,3.65,22.7,5
72.99,3.32,32.2,5
75.96,3.13,21.6,5
72.43,3.045,20.6,3
74.146,3.156,20.7,3
75.794,2.931,21.1,3
74.066,3.009,18.9,3
76.003,2.897,21.6,3
73.215,2.866,21.3,3
78.747,2.992,21.6,3
75.822,4.06,21.7,3
76.075,2.996,18.8,3
75.634,2.992,20.2,3
74.331,4.022,20.8,3
76.82,4.754,20.5,3
73.67,1.945,21.2,5
73.66,2.5,20.7,5
77.79,2.68,21.5,5
79.37,2.82,22,5
76.13,3.09,21.9,5
77.95,3.11,19.6,5
78.63,3.06,21.7,5
78.11,2.85,22.4,5
78.38,2.85,23.4,5
78.429,3.081,21.9,3
76.291,3.035,21.8,3
76.816,3.055,21.6,3
75.18,4.158,21.3,3
76.891,3.166,22.4,3
78.115,4.544,20.3,3
76.291,3.088,21,3
77.298,3.008,20.8,3
76.305,3.095,21.1,3
77.111,3.135,21.9,3
76.159,3.248,20.1,3
76.29,3.244,20.9,3
76.11,3.206,21.8,3
78.59,2.18,24.2,5
77.4,2.52,22.7,5
78.53,2.29,23.4,5
78.53,2.65,22.5,5
78.59,2.53,23.3,5
77.54,2.59,21.2,5
76.35,3.22,20.7,5
79.19,2.94,19.8,5
78.19,2.82,21.2,5
76.53,3.12,22.5,5
76.14,3.14,21.4,5
79.19,3.03,24.1,15
79.19,3.32,23.8,15
78.14,2.85,21.5,18
78.77,2.73,20.6,18
78.14,2.97,17.8,18
78.77,3.18,21.4,15
78.38,3.38,23.6,15
78.98,3.53,26.9,15
76.13,3.5,26.7,15
78.53,3.5,21.7,15
78.53,2.59,23.7,5
79.251,3.054,20.7,5
78.46,2.9,23.8,5
78.25,3.002,23.5,3
78.783,2.879,22.5,3
76.19,3.101,22.3,5
78.98,2.23,22.1,5
78.39,2.59,22.1,5
79.19,2.74,22.7,5
78.14,3.036,21.8,5
77.78,3.11,22.9,5
78.98,3.11,19.9,5
75.78,3.26,21.5,5
79.19,3.29,21.4,5
79.19,3.01,22.7,5
78.14,2.29,22.1,5
78.98,2.67,20.6,5
78.53,2.59,23.2,5
79.16,2.67,19.4,5
75.986,3.116,21,5
75,1.87,18.8,5
77.79,2.8,20.6,5
77.38,2.62,20.6,5
75.81,2.59,20.6,5
74.79,2.58,21.4,5
77.46,2.56,20.5,5
78.32,2.69,19.8,5
71.982,3.126,20.5,5
72.29,3.22,20.3,5
78.55,3.23,22,5
74.76,3.23,22.4,5
76.131,2.996,21.5,3
75.223,3.125,21.7,3
77.068,2.973,21.6,3
75.235,3.12,22.2,3
76.046,2.977,21.5,3
77.991,3.137,21.4,3
77.536,3.129,21,3
75.549,3.036,21.2,3
75.07,2.56,21.1,5
74.67,2.71,21,5
71.99,2.68,19.3,5
75.18,2.92,20.9,5
78.56,2.9,19.8,5
74.4,3.03,21.6,5
74.28,2.89,20.4,5
77.74,2.98,20.1,5
72.69,3,19.9,5
77.44,3.16,21.2,5
74.91,3.26,20.6,5
76.1,3.05,21.4,5
76.38,3.51,23.8,5
76.04,2.97,20.2,18
74.95,3.03,19.4,18
77.93,2.83,20.5,18
77.15,2.85,20.1,18
77.3,2.91,21.1,18
78.35,2.83,22.1,18
75.34,3.13,19.9,18
73.14,2.97,21.3,18
76.9,2.97,19.8,18
77.74,2.97,19.7,18
78.14,2.84,20.3,18
77.93,2.79,20.9,18
76.45,3.01,22.9,18
77.54,3.09,20.8,18
78.35,2.8,22.7,18
78.14,2.84,24,18
77.64,3.06,22.3,18
74.49,3.24,22.2,18
78.53,2.79,19.2,5
78.88,2.53,21.6,5
78.37,2.68,21.2,5
73.5,3.16,21.6,5
75.9,2.986,23.3,5
79.19,2.26,22.3,5
77.78,2.92,23.7,2
76.61,4.17,24.6,2
78.91,3.078,21.6,5
78.98,2.08,22.1,5
77.247,2.3,20.5,5
77.55,2.08,24.6,5
74.88,2.07,21.2,5
77.56,2.68,22.6,5
78.55,2.88,24,5
78.34,2.88,24.6,5
72.15,2.85,24.6,15
76.2,2.85,23.2,15
75.51,3.46,23.9,15
75.78,3.26,22.3,15
78.35,3.21,23.5,15
74.58,3.09,24.8,15
77.51,3.03,22,15
77.65,3.46,22.8,15
78.98,2.32,21.9,5
76.59,2.23,18.3,5
74.9,2.58,18.9,5
75.27,2.85,20.4,5
71.75,2.59,21.2,5
76.35,2.56,21.6,5
75.1,2.85,21.5,5
74.52,2.24,20.2,5
74.46,2.59,18.2,5
78.783,2.807,20.9,5
75.64,2.53,20.3,5
77.12,2.59,21.7,5
76.17,2.94,21.7,5
74.55,2.91,21.8,5
74.65,2.79,20.5,5
76.34,2.94,20.6,5
78.17,2.88,21.7,5
77.51,2.74,21.7,5
77.71,2.74,21.2,5
74.82,2.94,20.1,5
76.8,2.71,20.5,5
76.97,3.09,23.2,5
76.01,3.148,20.6,3
73.785,3.71,22,3
70.26,4.4,22,3
75.506,2.939,22.5,3
76.98,2.45,24.6,5
78.34,2.94,21.3,5
76.75,3.24,22.7,5
74.55,3.11,23.2,5
78.35,2.94,22.9,18
75.704,1.922,17.8,5
78.58,2.908,21.8,3
70.496,3.037,23.4,3
73.735,3.35,22.5,3
78.53,2.5,22.1,18
78.6,2.59,22.4,18
78.98,2.26,24.6,18
78.299,2.111,23.2,5
80,3.077,22.3,5
79.51,2.968,23.9,5
78.64,2.37,21.9,5
78.95,2.38,23.2,5
75.487,3.176,22.5,5
67.42,4.02,23.6,15
78.77,3.74,21.1,15
77.37,2.95,22.3,5
76.35,2.84,22.2,5
74.43,2.79,24.5,15
73.76,3.82,24.1,15
78.5,2.53,21.5,5
76.18,3.088,21.1,5
77.98,3.11,23.4,5
75.96,2.59,21.1,5
78.188,3.126,22.6,5
77.827,3.076,21.9,5
77.327,3.082,23,3
75.823,4.096,24.8,3
76.131,3.943,25.5,3
78.59,3.39,22.8,18
78.14,3.83,22.3,18
76.14,3.26,22.3,18
76.75,3.33,22,18
78.14,3.21,25.8,16
75.99,3.59,25.8,16
72.336,2.033,21.2,4
70.08,2.59,25.5,4
71.79,2.822,21.7,4
79.28,3.035,23,3
77.349,2.89,21.9,3
75.05,2.902,21.8,3
69.74,3.099,21,3
77.183,3.032,22,3
77.782,4.024,23,3
73.742,3.044,22,3
76.597,3.12,22.2,3
78.58,2.979,21.1,3
77.37,3.42,27,13
75.36,3.35,26,13
78.98,3.79,24.1,13
78.25,2.69,22.2,5
78.98,2.99,21,18
78.14,3.26,22.6,18
75.24,2.74,19.6,18
77.79,2.79,20.9,18
70.21,3.18,22.6,18
70.24,3.09,20.2,18
68.79,3.38,25.2,18
74.34,2.66,22,14
77.71,2.65,22,14
77.054,3.252,26.3,13
76.68,4.073,28,13
78.46,3.35,26.2,13
75.879,3.883,23.4,13
76,3.184,23.6,13
78.73,3.21,23.1,13
77.602,3.232,23.3,13
78.279,4.605,27.7,2
79.4,3.09,25.7,2
78.88,3.77,24.7,2
77.27,3.5,26.1,15
78.67,3.44,22.2,15
78.99,3.54,24.3,15
78.53,3.67,23.5,15
78.18,3.62,24,15
80.5,3.62,21.4,15
78.14,3.53,24.5,15
78.14,3.59,22.3,15
79.19,3.29,23.4,15
78.53,3.47,22,15
78.32,3.82,22.4,15
78.77,3.59,23.3,15
74.045,3.052,21.4,3
77.319,2.81,21.3,3
75.411,3.679,21.9,3
79.79,3.18,23.8,16
78.98,3.12,22,16
79.769,2.967,24.1,8
71.45,2.44,22.2,8
75.102,2.825,22.8,8
74.928,2.823,22,8
78.783,2.685,22.5,8
75.972,2.56,22.3,8
74.951,3.005,21.5,8
70.168,3.134,22.8,8
77.082,3.062,24.5,8
76.44,3.195,23.4,8
77.09,2.849,23.9,14
74.16,2.97,24.8,13
77.96,3.44,27.6,13
77.51,4.03,27.8,13
74.83,3.85,26.2,13
76.11,2.85,27.6,13
74.67,3.91,24.4,13
72.6,3.88,24.8,13
79.19,2.38,20.2,5
77.56,2.79,22.1,5
75.57,3.031,22.2,5
77.75,2.91,21.7,5
74.97,2.91,23.1,5
76.91,2.44,21.8,5
76.67,2.38,22.5,5
78.98,2.63,22.9,5
77.34,2.39,20.4,5
77.3,2.52,22,5
78.77,2.68,18.2,5
75.74,2.71,22.5,5
77.72,2.65,22.1,5
75.84,2.91,21.5,5
75.48,2.79,22.7,5
75.48,2.65,21.6,5
78.17,3.09,22.5,5
78.03,2.91,24.8,5
77.96,3.12,21.7,5
78.28,2.93,23.4,5
78.59,2.87,22.9,5
76.14,3.14,22.9,5
77.89,3.07,21.1,5
75.53,3.12,20.8,5
76.72,3.38,23.9,5
77.96,3.35,22.8,5
72.54,4.03,21.7,5
77.14,2.428,18.3,1
74.929,2.529,22,1
74.569,2.432,18.9,1
71.89,2.865,18.9,1
76.463,2.967,19.3,1
73.898,2.86,19.1,1
77.083,2.774,17,1
73.605,2.11,19.6,1
75.404,2.65,20.5,1
78.77,3.06,19.1,3
77.97,2.91,20.1,3
77.62,2.96,19.5,3
78.5,3.16,19,3
76.686,3.12,21.2,3
73.583,3.012,20.4,3
75.936,2.157,20.7,3
75.297,2.99,20.7,3
75.823,2.987,20.8,3
73.49,3.237,20.4,3
74.444,3.167,21.1,3
76.759,2.824,21.5,3
75.794,2.936,20.6,3
75.527,2.981,21.1,3
77.164,3.099,20.1,3
78.279,3.096,19.9,3
76.514,3.061,22.9,3
71.435,3.158,21.4,3
77.265,2.966,21,3
73.34,3.077,22.4,3
72.286,3.029,21.3,3
78.25,3.058,21.3,3
79.035,3.71,21.4,3
79.755,4.624,23.3,3
77.579,4.015,20.8,3
75.907,4.263,22.9,3
74.093,3.846,23.1,3
75.72,3.937,23.2,3
77.991,4.009,22.4,3
79.28,4.197,24,3
78.299,3.746,23.1,3
71.95,4.138,21.6,3
79.23,4.761,21.6,3
79.48,4.221,21.8,3
78.31,2.94,20.8,18
76.87,2.97,21.8,18
76.92,2.91,19.3,18
79.16,2.49,22.6,5
79.4,2.58,22.1,5
78.38,2.32,22,5
77.37,2.79,21.7,5
78.37,2.56,21.8,5
76.95,2.66,21.9,5
71.284,2.964,22.9,1
73.641,2.879,22.7,1
72.813,3.131,23,1
75.233,3.79,21.8,3
75.51,2.2,22.5,5
76.32,2.21,21.6,5
78.35,2.93,20.5,5
75.39,2.12,20.6,5
76.24,2.62,22.9,5
75.11,2.104,22.3,1
77.96,1.38,22,1
74.58,2.63,22.9,1
76.075,2.929,21.8,1
77.011,3.03,21,3
76.98,2.29,20.3,3
77.31,2.76,21.6,3
76.823,2.624,21,3
76.291,2.716,21.5,3
78.243,3.084,21.2,3
75.794,2.862,21.1,3
72.783,2.59,22,3
77.263,2.85,21.7,3
77.791,2.51,20.8,3
78.243,3.119,21.1,3
75.936,2.974,21.6,3
78.56,4.03,23.7,2
78.35,4.03,24.6,2
79.79,4.03,20.6,2
78.67,3.29,25.7,2
77.96,2.47,21,5
77.56,2.04,22.1,5
79.37,2.47,21.2,5
79.16,2.35,21.1,5
78.35,2.76,22.3,5
78.95,3,22.3,5
77.16,2.5,17.7,5
76.14,2.85,20.1,5
77.4,2.71,22.2,5
76.32,2.73,19.8,5
77.4,2.71,21.7,5
78.14,2.94,21.3,5
78.32,2.85,22.5,5
78.14,3.56,20.3,5
78.14,3.68,22.8,15
78.32,3.65,21.9,15
78.35,3.68,22.1,15
78.98,3.53,20,15
78.35,3.79,23,15
78.74,3.59,24.7,15
78.49,3.59,21,15
78.98,3.53,22.5,15
79.19,3.71,24.3,15
78.35,3.59,23,15
78.32,3.53,24.2,15
78.14,3.62,23.9,15
75.29,3.79,24.8,15
74.94,4.08,22.7,15
78.53,3.32,22.7,15
78.14,3.56,25,15
76.81,3.75,24.7,15
78.98,2.12,20,18
78.46,2.91,21.3,16
78.98,3.09,22.8,16
77.96,3,22.4,16
79.503,2.85,21.7,11
78.77,2.26,21.3,11
78.49,2.71,22.3,5
77.15,2.68,22.3,5
70.005,3.157,24.5,3
76.348,2.893,25.7,3
75.484,3.113,24,3
75.43,2.97,24.5,13
75,3.72,26.2,13
78.56,3.65,25.5,13
79.79,3.94,27.6,13
77.46,3.92,25.6,13
77.54,3.94,26.1,13
75.84,4,28.3,13
78.77,3.76,25.1,13
74.97,3.91,26.8,13
77.54,4,27.7,13
76.2,2.65,18.4,5
77.59,2.71,19.7,5
78.14,2.44,21.1,14
76.07,2.65,18.9,14
74.922,3.332,22.3,3
78.37,2.82,24.1,13
78.56,3.06,26.6,13
77.19,2.94,22.8,13
76.24,2.89,24.9,13
77.89,3.7,25.3,13
77.18,3.29,24,13
78.56,3.32,30.3,13
79.19,4.12,27,2
79.19,4.15,25.5,2
77.38,3.27,20.2,5
78.32,3.37,21.3,5
77.96,3.26,21,5
77.54,3.08,22.5,5
78.35,3.2,21.5,5
76.77,3.29,20.6,5
78.14,3.38,21.4,5
78.14,3.29,23.8,5
78.98,3.76,23.9,15
78.77,3.77,23.4,15
78.53,4,24.7,15
75.37,4.06,25.3,15
68.97,3,20.6,18
75.96,2.94,22.1,18
79.19,3.29,23.3,16
78.77,3.59,23,16
74.82,2.945,21.4,14
78.56,1.93,22.5,14
78.17,2.29,18.9,14
78.53,2.88,22.6,18
78.14,2.95,23.8,18
78.32,2.94,22,18
75.632,2.921,21.2,5
78.77,2.43,20.5,5
78.95,2.9,21.1,5
78.35,3.65,21.9,5
74.505,2.771,18.2,1
77.97,2.38,23.9,1
78.67,2.34,19.7,1
73.569,2.918,20.4,1
71.251,3.022,20.3,1
78.495,2.853,21.4,1
73.654,3.204,20.9,3
74.85,3.21,21.9,3
75.772,2.901,18.9,3
73.114,4.704,22.5,3
77.93,4.022,21,3
77.57,2.24,22.8,5
78.32,2.65,22,5
76.56,2.79,17.5,5
74.12,2.85,21.3,5
76.02,2.95,21,5
77.99,3.15,22.1,5
77.54,3.4,21.8,5
78.56,3.14,21.7,5
78.98,3.37,22.1,5
78.77,3.4,20.7,5
78.14,2.94,21.1,5
76.92,3.58,21.9,5
78.73,3.11,22.1,5
76.35,3.83,21,5
73.65,3.83,20.5,5
76.01,2.867,20.9,3
74.871,2.905,20.7,3
72.315,2.941,20.7,3
76.532,2.821,21.6,3
77.831,2.99,21.2,3
77.536,3.27,21.3,3
75.506,3.015,21.4,3
74.485,4.218,23.8,3
79.01,3.07,26.4,13
78.034,3.02,24.3,13
76.11,3.204,23.2,13
77.5,3.08,24.8,13
74.357,3.162,24.4,13
76.02,3.29,25.2,13
72.565,3.109,24.8,13
77.38,3.62,26.6,13
79.19,3.35,23.6,13
77.96,3.33,24.4,13
77.16,3.249,26.6,13
77.79,3.59,27.4,13
77.79,3.24,23.2,13
78.35,3.77,29.2,13
73.846,3.065,21.1,5
78.37,2.3,23.6,5
77.93,3.55,25.7,13
76.654,3.085,26.8,13
76.399,3.145,21.1,5
78.531,3,21.8,14
79.58,2.53,23.8,14
77.9,2.73,21.5,14
77.167,3.069,23.9,14
78.77,4.29,24.4,2
74.91,3.81,24.1,2
79.048,2.975,24.2,1
77.743,2.987,21.8,1
75.33,3.91,22.7,16
72.81,4.08,21.6,16
74.35,3.85,21,16
72.93,4,21.2,16
78.14,2.91,23.2,13
77.38,3.03,23.3,5
78.56,3,23.3,5
75.59,3,23.4,13
77.77,3.2,25.1,13
79.19,4.38,23.9,2
77.09,4.72,26.4,2
78.38,2.29,22.2,5
77.09,2.94,22.8,5
78.11,2.53,21.8,5
77.53,2.88,22.3,5
76.88,3.55,20.4,5
74.21,3.39,22.6,5
75.18,3.8,22.2,5
78.98,3.96,26,15
76.11,4.12,26.2,15
78.076,3.08,21.3,3
77.27,3.045,21.3,3
78.38,3.27,23.3,3
79.58,2.85,23.9,3
78.56,3.1,25,18
79.19,2.91,21.3,18
78.14,3.21,22.6,18
78.77,2.91,23,18
77.65,3.46,23.4,6
78.11,3.94,28.2,13
78.35,3.56,24.3,13
77.34,3.91,27.4,13
76.88,4.09,24.5,13
75.78,3.77,27.5,13
75.35,4.32,26.8,13
77.33,4.3,24.8,13
78.59,3.71,25.6,13
78.89,4.35,26.7,13
76.38,4.03,26.8,13
76.7,3.56,22.3,5
76.5,3.82,21.1,5
77.37,3.65,21.7,5
78.49,3.17,21.4,5
75.12,3.85,22,5
75.51,4.06,21.1,5
74.55,3.74,0,5
76.66,3.94,23,5
76.94,3.57,23.9,5
79.19,3.01,20,5
77.93,2.77,21.2,5
76.13,3.44,20.9,5
76.49,3.47,22,5
78.11,3.17,20.5,5
74.64,3.74,20.2,5
74.37,3.56,23.1,5
77.33,3.51,22.2,5
75.78,3.62,22.2,5
74.31,3.95,22.1,5
77.93,3.44,22.8,5
74.82,3.04,23.6,5
76.63,2.85,22.7,5
77.96,3.38,22.2,5
77.89,3.18,24.2,5
75.86,3.59,22.2,15
75.66,3.56,22.2,15
74.84,3.8,19.9,15
77.71,3.74,24.2,15
78.56,2.02,22.6,5
75,2.67,21.7,5
67.91,2.56,22,5
73.05,2.59,20,5
71.99,3.05,21.9,5
76.103,3.166,22.2,3
77.046,2.85,22.1,3
77.53,3.092,22.1,3
77.242,3.045,24.6,13
77.535,2.959,26,13
76.656,2.957,25.3,13
77.97,3.135,28.4,13
75.879,3.1,21.7,13
78.77,2.83,23.6,13
76.66,3.16,27.4,13
78.7,3,27.9,13
77.77,4.03,28.2,13
75.66,3.94,29.9,13
76.607,2.925,22.1,9
77.824,3.18,22.3,9
78.38,4.7,26.4,2
79.43,2.47,19.6,5
77.018,3.005,20.5,5
78.14,2.86,21.9,5
78.38,2.58,23.1,5
78.56,2.65,22.5,5
76.53,3.12,21.8,5
77.54,3.29,22.3,5
74.41,3.8,24.9,5
75.96,3.86,23.3,5
76.88,3.95,24.1,15
78.53,3.82,23.1,15
76.99,2.92,20.8,3
75.074,2.378,21.1,14
78.243,2.815,22.5,14
78.279,2.69,18.5,14
74.829,2.83,21.7,14
77.579,3.042,22.5,14
76.095,2.958,21.2,14
79.251,3.015,25.5,11
76.291,2.65,21.4,11
76.68,2.95,25.9,11
75.253,4.161,24.7,11
74.87,3.143,21.4,5
74.67,2.95,21,5
73.05,2.52,20.9,5
77.6,2.82,23.8,5
73.59,2.79,22.2,5
71.89,3.085,22.3,5
74.78,2.84,21.1,5
74.94,2.86,21.6,5
75.81,2.73,21,5
73.13,2.62,20.1,5
75.75,2.65,21.4,5
72.74,2.88,23.1,5
76.21,2.78,22.5,5
75.57,2.53,21.5,5
73.59,2.88,22.9,5
76.56,2.8,20.9,5
71.95,2.89,21.3,5
73.5,3.67,22.9,5
74.56,3.71,20.8,5
74.22,3,20.8,5
74.79,2.82,20.8,18
75.18,2.8,21.6,18
73.68,2.91,20.2,18
75.42,3.18,27.4,13
75.08,2.88,25.4,13
77.98,2.77,26.3,13
74.97,3.15,21.7,13
77.89,3.41,27.5,13
78.77,3.14,24.7,13
79.19,3.09,24.9,13
76.75,3.36,27.5,13
76.49,3.3,24.8,13
77.3,3.29,23,13
77.8,3.36,25.6,13
71.99,3.15,25.1,13
78.95,4.56,24.5,2
79.09,4.71,23.7,2
78.53,4.53,24.3,2
73.77,4.85,23.2,2
75.86,4.41,25.7,2
79.19,4.68,23.9,2
78.56,4.56,21.9,2
78.77,4.82,27.2,2
77.96,4.81,22.6,2
78.59,4.84,25.2,2
78.11,4.81,25,2
78.14,4.82,25,2
78.13,4.87,25.1,2
73.65,4.82,26.8,2
78.53,4.81,26,2
77.14,4.94,28.1,2
77.79,4.94,26,2
74.1,2.88,19.8,5
73.47,3.06,21.2,5
76.13,2.97,23.2,5
75.69,2.92,21.1,5
77.53,2.84,20.3,5
70.14,3.97,25,15
79.19,3.29,24.3,15
73.02,3.94,25,15
73.7,4.16,24.8,15
74.97,3.74,25.5,15
76.87,3.77,25.8,15
77.05,3.56,25.5,15
75.37,4.09,26.4,15
74.82,4.17,25.7,15
76.66,3.94,27.7,15
78.2,3.97,25.2,15
78.46,3.97,24.7,15
78.41,3.97,23.1,15
77.33,3.97,22.2,15
72.6,3.88,26,15
78.14,3.27,24.2,15
73.69,4.15,26.9,15
72.91,3.94,25.8,15
77.12,3.79,25.9,15
77.75,3.77,24.1,15
79.19,3.77,21.4,15
77.93,3.82,23,15
74.46,3.87,22,15
76.52,3.71,21.8,15
69.75,3.71,26.4,15
77.02,1.91,17.4,18
78.49,2.71,19.3,18
78.28,2.71,21.7,18
77.37,2.77,22.3,18
76.38,2.53,22.1,18
77.79,2.62,20.3,18
76.95,2.59,19.7,18
76.95,2.74,20.5,18
77.18,2.74,21.5,18
77.79,2.88,22.1,18
74.67,2.85,18.2,18
73.61,2.88,21.8,18
78.14,3.79,21.7,18
77.93,3.06,21.1,18
75.75,3.41,21.2,18
78.77,3.76,26.3,16
76.95,3.74,24.6,16
76.78,2.964,20.6,14
75.195,2.94,21.7,14
78.17,2.35,19,14
77.57,2.53,21.9,14
75.86,2.29,22.2,14
75.59,2.18,23,14
75.15,2.62,20.8,14
78.1,2.94,25.3,11
76.67,3.18,27.3,13
77.79,2.5,25,13
78.77,2.65,23.1,13
78.53,2.74,25,13
78.25,2.71,23.6,13
77,2.88,25,13
78.28,2.79,23.3,13
71.19,3.06,26.1,13
79.19,3.59,27.1,2
79.19,4,26.9,2
79.19,4.33,27.5,2
77.93,4.82,23.5,2
78.804,3.924,27,2
79.19,4.68,23.3,2
78.35,4.79,25.8,2
77.54,4.88,28.8,2
79.19,4.5,27.3,2
79.4,4.88,28.4,2
78.59,3.59,26.3,2
76.576,3.03,20.7,5
77.66,3.073,21.4,5
77.18,3.39,20.6,5
73.23,3.4,22.3,5
75.39,3.65,21.8,5
76.79,3.33,21.3,5
78.39,3.15,22.2,5
78.56,2.91,22.4,5
75.69,3.28,22.1,5
79.19,4.03,23.7,15
77.72,3.88,23.3,15
78.98,3.77,21.1,15
78.56,4,22.9,15
79.19,3.82,22.6,15
78.98,3.97,22,15
78.98,3.91,23.5,15
76.79,3.77,23.2,15
77.82,3.79,24,15
78.53,3.1,23.6,18
75.57,3.2,23.4,18
77.79,3.18,21.3,18
76.29,3,19.8,5
77.34,2.944,27,13
77.57,3.21,23.1,13
77.54,3.26,24.5,13
77.18,2.91,26.3,13
77.36,2.91,25,13
78.32,2.91,23.3,13
78.31,3.01,22.1,13
78.35,2.88,25.7,13
76.28,3.04,24.2,13
77.35,3.09,22.8,13
77.96,4.129,27,2
80,3.154,29.5,2
76.557,3.122,20.2,5
78.037,3.053,22.5,5
76.535,3.093,20.8,5
76.8,2.78,22.9,5
77.998,3.048,21.1,5
77.753,3.068,20.5,5
74.26,3.04,21.8,5
77.01,2.76,21.1,5
77.57,2.64,20.3,5
77.65,2.43,17.1,5
73.777,3.132,20.9,5
78.35,2.96,22.7,5
77.35,3.05,20.9,5
72.44,2.94,20.1,5
75.5,2.89,21.6,5
72.2,2.8,22.1,5
78.17,2.65,20.5,5
75.04,3.02,22,5
74.64,2.9,22.6,5
78.347,2.871,21.8,1
70.399,3.08,22.3,1
78.15,2.62,25.3,1
74.96,3.25,22.3,1
76.08,3.11,24.4,1
79.19,3.85,22.9,15
71.19,3.74,22.4,15
78.42,4.09,23.7,15
77.5,3.96,23.1,15
77.01,2.97,20,18
77.16,2.88,20.2,18
76.1,2.96,21.6,18
73.93,3.04,18.5,18
67.34,3.3,20.6,18
76.34,3,19.2,18
77.71,3.04,21.1,18
76.53,3.12,20.2,18
74.34,2.99,21.3,18
74.82,2.94,20.6,18
74.73,3.2,20.9,18
72.79,2.97,22.1,18
75.14,3.07,19.8,18
75.38,1.8,19.5,1
